"RelativePath","Bytes","ReferenceSha256","ImportedSha256","Match"
".branding","171","46F43FF949350747FE36738213B1DD7CC15E5F1036C3E49EDD5AFCCD89EC99D3","46F43FF949350747FE36738213B1DD7CC15E5F1036C3E49EDD5AFCCD89EC99D3","True"
".cargo/config.toml","844","326C5B82722C7FAE968EDAF6E17B65312D1D7A12EBF97AB742A5EC36C9BBDD6D","326C5B82722C7FAE968EDAF6E17B65312D1D7A12EBF97AB742A5EC36C9BBDD6D","True"
".devcontainer/devcontainer.json","792","6FA89BF67D8C161879EA9DC23A16DA8C0370ED49ABE75AF9075485BFBCCDA0FB","6FA89BF67D8C161879EA9DC23A16DA8C0370ED49ABE75AF9075485BFBCCDA0FB","True"
".editorconfig","184","483B45B1766E0864C6ECFF771E8522528FD37949068703F973870A2459D2378F","483B45B1766E0864C6ECFF771E8522528FD37949068703F973870A2459D2378F","True"
".envrc","10","1D26C74FD25A4C3DBB09E029FC609588DA499FD4AF2A41C88F6316C7F8C54CF1","1D26C74FD25A4C3DBB09E029FC609588DA499FD4AF2A41C88F6316C7F8C54CF1","True"
".gitattributes","595","082B14011E2765F3FC0EF38EB22E05C284661271BE36EF7CF214D2B7EC691E37","082B14011E2765F3FC0EF38EB22E05C284661271BE36EF7CF214D2B7EC691E37","True"
".github/FUNDING.yml","25","1D3D204B250C4907F9A5D77A118B3CD6052ABBE247774D8DAB073AA624A8A3FD","1D3D204B250C4907F9A5D77A118B3CD6052ABBE247774D8DAB073AA624A8A3FD","True"
".github/pull_request_template.md","1122","F5E4D242BB9A7EE0B537D4036189BDA95409A32E87122ED5B0E8D13767A5AD6A","F5E4D242BB9A7EE0B537D4036189BDA95409A32E87122ED5B0E8D13767A5AD6A","True"
".github/workflows/build.yml","33188","A4A25C45DB86132DD998037B88D09018B17A61085FA2CBC749E0277BDD710281","A4A25C45DB86132DD998037B88D09018B17A61085FA2CBC749E0277BDD710281","True"
".github/workflows/cargo-deny.yml","711","EEB365600A222D0FFE1CD1C0A8844C8866BADDEF82ADA08C9D752F9D95B7F236","EEB365600A222D0FFE1CD1C0A8844C8866BADDEF82ADA08C9D752F9D95B7F236","True"
".github/workflows/check.yml","2910","4C27C17DECAF8E8A562B7E3F1F5995D525B3E549F76E3A0B2A9D0AFC53076004","4C27C17DECAF8E8A562B7E3F1F5995D525B3E549F76E3A0B2A9D0AFC53076004","True"
".github/workflows/comment-!build-commands.yml","5364","BF0E6F31E302CF8268AD80F5EC0B0F41AC431BA571FE6D1D244B97AA60EE4A1D","BF0E6F31E302CF8268AD80F5EC0B0F41AC431BA571FE6D1D244B97AA60EE4A1D","True"
".github/workflows/comment-clippy-warnings.yaml","3497","90A305F5A68BE9D5240E943AF58FF9FD173FB2E65A65F5B94CC8F1D889BF49E2","90A305F5A68BE9D5240E943AF58FF9FD173FB2E65A65F5B94CC8F1D889BF49E2","True"
".github/workflows/comment-profiling-changes.yaml","15550","5F8B686F3128478FC74B17598A276CFEE22BEA8320277B35E55D02C891302F0E","5F8B686F3128478FC74B17598A276CFEE22BEA8320277B35E55D02C891302F0E","True"
".github/workflows/library-rawkit.yml","1527","4BFE6D9FC44EA2BE406B914D3920BC33DBA8FB42B025919C9EC83652757E1229","4BFE6D9FC44EA2BE406B914D3920BC33DBA8FB42B025919C9EC83652757E1229","True"
".github/workflows/nix.yml","1943","13FD66EAD212AB02A5A0B10C79A8C84770202823E56AFC8F5F74DE0C7413676F","13FD66EAD212AB02A5A0B10C79A8C84770202823E56AFC8F5F74DE0C7413676F","True"
".github/workflows/provide-shaders.yml","1742","E9DE6F03F2DEE445E0E2544881D9FA204EDEEC58C8036442AE1BC535ECA94A5D","E9DE6F03F2DEE445E0E2544881D9FA204EDEEC58C8036442AE1BC535ECA94A5D","True"
".github/workflows/scripts/artifact-upload.bash","2574","582BA39AD2C152E39B64D0AF6D051C205552A871011D1740B2051AAF4DA013C0","582BA39AD2C152E39B64D0AF6D051C205552A871011D1740B2051AAF4DA013C0","True"
".github/workflows/website.yml","2288","6ACE496610540C8FC147308E04D35C039DB930F61A9242226D38CCE2D5323F5A","6ACE496610540C8FC147308E04D35C039DB930F61A9242226D38CCE2D5323F5A","True"
".gitignore","173","4B084F3A76166341CB986E3AEE993A7C8CC0F66976E655265C4069CFDFC04BA6","4B084F3A76166341CB986E3AEE993A7C8CC0F66976E655265C4069CFDFC04BA6","True"
".nix/default.nix","2221","B31D91155DFABA26C138101DE6B0778658A9F96D45E7628206B59AD80FF57E19","B31D91155DFABA26C138101DE6B0778658A9F96D45E7628206B59AD80FF57E19","True"
".nix/deps/crane.nix","571","FDE4116AE3D866EE013AC1CFDBECF0081799A5633DC73167F23DA1D9B74360D4","FDE4116AE3D866EE013AC1CFDBECF0081799A5633DC73167F23DA1D9B74360D4","True"
".nix/deps/rust-gpu.nix","1381","EBBC0D7C500FAC366EFD080BA3FE0BEA0F4A1E11DB5B671903E00F003AA71ACB","EBBC0D7C500FAC366EFD080BA3FE0BEA0F4A1E11DB5B671903E00F003AA71ACB","True"
".nix/dev.nix","1136","6FAF1E0FE1FDFA3C8C551C93FD055BFAEA274603D31F4C11B6613FEE4370E4F3","6FAF1E0FE1FDFA3C8C551C93FD055BFAEA274603D31F4C11B6613FEE4370E4F3","True"
".nix/pkgs/graphite.nix","4700","86E65AA0A898F36E730228FCE73C6638A5C89486442FE11B377D8B817DE0176E","86E65AA0A898F36E730228FCE73C6638A5C89486442FE11B377D8B817DE0176E","True"
".nix/pkgs/graphite-branding.nix","470","3CAFF4922FE7C285F20879897ED245A92EA9B2964B3C3D458950B53F6C3C1B51","3CAFF4922FE7C285F20879897ED245A92EA9B2964B3C3D458950B53F6C3C1B51","True"
".nix/pkgs/graphite-bundle.nix","2432","06B6CC7BE21C55FA134F900BD598AAC6907F4A5B8DC0C82350B5A986D36F2ABF","06B6CC7BE21C55FA134F900BD598AAC6907F4A5B8DC0C82350B5A986D36F2ABF","True"
".nix/pkgs/graphite-cef.nix","1257","36785D8497DFA80DCFBA9CCE33DFC0F1ED0E3E0F9C749E611BBF6C956030016D","36785D8497DFA80DCFBA9CCE33DFC0F1ED0E3E0F9C749E611BBF6C956030016D","True"
".nix/pkgs/graphite-flatpak-manifest.nix","803","254969E1588027610161439A2136C3D71EB3C135809A40152CB97B29DA81AFCF","254969E1588027610161439A2136C3D71EB3C135809A40152CB97B29DA81AFCF","True"
".nix/pkgs/graphite-raster-nodes-shaders.nix","547","BC6AC64E345A6FF068FE2A9C9A7557941AF1C1F7BE6E38337019BB3715BE59B7","BC6AC64E345A6FF068FE2A9C9A7557941AF1C1F7BE6E38337019BB3715BE59B7","True"
".nvmrc","3","68CA3FBA3B7E864770CB61AEB306D4BD4354B68AB4DD38450860C5D823E42A53","68CA3FBA3B7E864770CB61AEB306D4BD4354B68AB4DD38450860C5D823E42A53","True"
".prettierrc","215","DF65BB0A33AD320710B51FE47CB36174433117C9D14CB5D0BC999FFA6E042408","DF65BB0A33AD320710B51FE47CB36174433117C9D14CB5D0BC999FFA6E042408","True"
".vscode/extensions.json","448","17D101E62D81A6D68BD211C4FD2B60D1C3BF259F2BCCE2FBC0FFC31D5712AD71","17D101E62D81A6D68BD211C4FD2B60D1C3BF259F2BCCE2FBC0FFC31D5712AD71","True"
".vscode/launch.json","941","FBB3070BD7190FD481909C07B8CA019E94D25D5D2664925571B4B0E334B13B2A","FBB3070BD7190FD481909C07B8CA019E94D25D5D2664925571B4B0E334B13B2A","True"
".vscode/settings.json","2319","57FA69C75C6FCB2CF378D29EA1533BF41A5604AE30C507A5B56689D339A8BE5A","57FA69C75C6FCB2CF378D29EA1533BF41A5604AE30C507A5B56689D339A8BE5A","True"
"about.toml","2094","D17F39A101E923E3F7DF7EC44D79F049ECE24B3D5BDE7F2B7EC77A6EC8E4F3FE","D17F39A101E923E3F7DF7EC44D79F049ECE24B3D5BDE7F2B7EC77A6EC8E4F3FE","True"
"Cargo.lock","191322","0D9E523A09D0578B91866D383B4CCF4AA29B9B499A7E4CDC61255388BDC01CB2","0D9E523A09D0578B91866D383B4CCF4AA29B9B499A7E4CDC61255388BDC01CB2","True"
"Cargo.toml","8917","F43F34E627802A20A318C699842608AF0913D3137858D2357AEE1B7518B61A1F","F43F34E627802A20A318C699842608AF0913D3137858D2357AEE1B7518B61A1F","True"
"demo-artwork/changing-seasons.graphite","175385","B0260D1F9E2FE5EE42A3AD8EDD8613A91C1DD7192761B295A2693F55255AAFDF","B0260D1F9E2FE5EE42A3AD8EDD8613A91C1DD7192761B295A2693F55255AAFDF","True"
"demo-artwork/isometric-fountain.graphite","1315744","A2D92DEB351F3C7F7E0A86F071AE6FF20AD4F3358A6F0C6B7CAF0DCD0AE620F4","A2D92DEB351F3C7F7E0A86F071AE6FF20AD4F3358A6F0C6B7CAF0DCD0AE620F4","True"
"demo-artwork/marbled-mandelbrot.graphite","32905","7AA02B583BE02D3DB01FA79FFCA3EEE916A3FFC00D6B79945CD77B428FF49858","7AA02B583BE02D3DB01FA79FFCA3EEE916A3FFC00D6B79945CD77B428FF49858","True"
"demo-artwork/painted-dreams.graphite","698952","6D0767DE31673A961D7334F0DA98AF9F2EF0914F25D5699CBD8F8BE298DCF84F","6D0767DE31673A961D7334F0DA98AF9F2EF0914F25D5699CBD8F8BE298DCF84F","True"
"demo-artwork/parametric-dunescape.graphite","402876","46592407016B86A0D8867C85DA3154728D6D72F68A43B5B33A483985467E111B","46592407016B86A0D8867C85DA3154728D6D72F68A43B5B33A483985467E111B","True"
"demo-artwork/procedural-string-lights.graphite","136625","C4A11377E251814248FD4A65296562E0AFD05899000A7B53D30BAC7B199A5372","C4A11377E251814248FD4A65296562E0AFD05899000A7B53D30BAC7B199A5372","True"
"demo-artwork/red-dress.graphite","1392402","32BD64B17410C91FD9A0317819D50DE12914BC9DB162594BA57EB10F22555364","32BD64B17410C91FD9A0317819D50DE12914BC9DB162594BA57EB10F22555364","True"
"demo-artwork/valley-of-spires.graphite","1044115","1C072FA5407059E834D60C09F6FD9E85F735D4CB0FA76E4D5B8F6CE981B35482","1C072FA5407059E834D60C09F6FD9E85F735D4CB0FA76E4D5B8F6CE981B35482","True"
"deny.toml","9289","D60BB3930A7D66E5B6C12C7C6389AE77CC8BC4DB12DF64C346B06A67455814B6","D60BB3930A7D66E5B6C12C7C6389AE77CC8BC4DB12DF64C346B06A67455814B6","True"
"desktop/assets/art.graphite.Graphite.desktop","411","482376A14C448C8C3789AE197DF28235F3036754451A1AB37D9B79E91F1FCC8A","482376A14C448C8C3789AE197DF28235F3036754451A1AB37D9B79E91F1FCC8A","True"
"desktop/bundle/build.rs","455","80903C292DAEC1657945387B74332DFA550DF5D8C5BB32E9344C45E85F729F27","80903C292DAEC1657945387B74332DFA550DF5D8C5BB32E9344C45E85F729F27","True"
"desktop/bundle/Cargo.toml","389","F3F97ED8A2BFB7E70F390BE5E9F807D73C61D0FB0495E3813FA485DEA46DDC9A","F3F97ED8A2BFB7E70F390BE5E9F807D73C61D0FB0495E3813FA485DEA46DDC9A","True"
"desktop/bundle/src/common.rs","2181","2C5A8FAFED81B3DA60888ECB60B001F9B2A823F2F05C9F26E450EF6323F67DC0","2C5A8FAFED81B3DA60888ECB60B001F9B2A823F2F05C9F26E450EF6323F67DC0","True"
"desktop/bundle/src/linux.rs","795","D6BE96063DB9CDB62615E837CB058A91905A9EB0DBE7977AF1F55B1F1A287753","D6BE96063DB9CDB62615E837CB058A91905A9EB0DBE7977AF1F55B1F1A287753","True"
"desktop/bundle/src/mac.rs","8578","4009C0F5357C706A4F3FEF03CFB8B7F6AE9A070017EEA3CEE8EBE16EC162BFE4","4009C0F5357C706A4F3FEF03CFB8B7F6AE9A070017EEA3CEE8EBE16EC162BFE4","True"
"desktop/bundle/src/main.rs","303","64C1CC69C5F128B2E0F3A4D995155412921FD1AFB6491393D74FB027899606CF","64C1CC69C5F128B2E0F3A4D995155412921FD1AFB6491393D74FB027899606CF","True"
"desktop/bundle/src/win.rs","1742","C766190444DE7A0CC0377741AF8AB7304A4E3A2579D828C8C08BF3165E18FCD8","C766190444DE7A0CC0377741AF8AB7304A4E3A2579D828C8C08BF3165E18FCD8","True"
"desktop/Cargo.toml","2203","2DE55672B34899A460591D11963EE7AD27BA53E99E097A4DFD9AA4985DF9734E","2DE55672B34899A460591D11963EE7AD27BA53E99E097A4DFD9AA4985DF9734E","True"
"desktop/embedded-resources/build.rs","1367","B276B83E67789720786D541968FA755E8C2D2A58C755B43D8ACC886BF72E8C58","B276B83E67789720786D541968FA755E8C2D2A58C755B43D8ACC886BF72E8C58","True"
"desktop/embedded-resources/Cargo.toml","400","B1C8A2CB6F2273A6588541CE6ACCA5316EC977B56F68A383CC327E6803547BD7","B1C8A2CB6F2273A6588541CE6ACCA5316EC977B56F68A383CC327E6803547BD7","True"
"desktop/embedded-resources/src/lib.rs","696","85907E0F2E10D38E37616FB0C323542A5D6E9EC132E417D06928707BD88BDAE6","85907E0F2E10D38E37616FB0C323542A5D6E9EC132E417D06928707BD88BDAE6","True"
"desktop/platform/linux/Cargo.toml","351","430A010910EBD3E8B8C87EF8283F88FC4B53F72A6032AD0E0037189541C6EBBC","430A010910EBD3E8B8C87EF8283F88FC4B53F72A6032AD0E0037189541C6EBBC","True"
"desktop/platform/linux/src/main.rs","67","425C3251AFA7679974F72D0ACD4837299069DD5A624CEF06BA7527923C3F0412","425C3251AFA7679974F72D0ACD4837299069DD5A624CEF06BA7527923C3F0412","True"
"desktop/platform/mac/Cargo.toml","614","0124E7DA1CEAD88BC43187CFF6F293310A5750E84470F6D68D3D94BD3561F179","0124E7DA1CEAD88BC43187CFF6F293310A5750E84470F6D68D3D94BD3561F179","True"
"desktop/platform/mac/src/helper.rs","75","084E3389E3018D423A2979676CE76E05A8DB321DFB7E0ABDDFD21364447E15C2","084E3389E3018D423A2979676CE76E05A8DB321DFB7E0ABDDFD21364447E15C2","True"
"desktop/platform/mac/src/main.rs","67","425C3251AFA7679974F72D0ACD4837299069DD5A624CEF06BA7527923C3F0412","425C3251AFA7679974F72D0ACD4837299069DD5A624CEF06BA7527923C3F0412","True"
"desktop/platform/win/build.rs","910","AC2416B5CED43418141E16BF117F8A522476B29CFBDB602CD4BC7079CAB76160","AC2416B5CED43418141E16BF117F8A522476B29CFBDB602CD4BC7079CAB76160","True"
"desktop/platform/win/Cargo.toml","424","3EAC53E05141738FC01AA87E31820E7788A0309E513D15EFCD095B3526F5BE10","3EAC53E05141738FC01AA87E31820E7788A0309E513D15EFCD095B3526F5BE10","True"
"desktop/platform/win/src/main.rs","101","EF3DC82B9560AEF35BF151AFE4840F3FDD5926173CCFC32102EAACDA63445D24","EF3DC82B9560AEF35BF151AFE4840F3FDD5926173CCFC32102EAACDA63445D24","True"
"desktop/src/app.rs","22608","7D23BDAEC2137AC37A25A859A4A2C8737C47DFA40B2DB75838B8B5FF37F2C78D","7D23BDAEC2137AC37A25A859A4A2C8737C47DFA40B2DB75838B8B5FF37F2C78D","True"
"desktop/src/cli.rs","297","1E57E319E206DCF308B32D0A850ACB2EADDA6835BA9DE822BD2E2145DA279530","1E57E319E206DCF308B32D0A850ACB2EADDA6835BA9DE822BD2E2145DA279530","True"
"desktop/src/consts.rs","719","8A05FCB04670D674A70D92DD444D0B629454171791AC37FDA4C2691CDA3DA5CF","8A05FCB04670D674A70D92DD444D0B629454171791AC37FDA4C2691CDA3DA5CF","True"
"desktop/src/dirs.rs","1639","43CCE29BF1E07A5D80C6177A1741B35207FDE46E14901CB5BB4CCFA5C9FE9873","43CCE29BF1E07A5D80C6177A1741B35207FDE46E14901CB5BB4CCFA5C9FE9873","True"
"desktop/src/event.rs","1160","95BB1AD9805C8F122E3B3719B5ACD2626209AE6D7CB7E848E5C5F5295DD2EE6B","95BB1AD9805C8F122E3B3719B5ACD2626209AE6D7CB7E848E5C5F5295DD2EE6B","True"
"desktop/src/gpu_context.rs","977","5E3CD25B9783867B11AF7D27813293F2D5050ED5F00A94A99D41B17E69771EA6","5E3CD25B9783867B11AF7D27813293F2D5050ED5F00A94A99D41B17E69771EA6","True"
"desktop/src/lib.rs","5440","F9BB0CA637A6601708BD54BD2452980DD53BC288548979ECE16809348E0509C9","F9BB0CA637A6601708BD54BD2452980DD53BC288548979ECE16809348E0509C9","True"
"desktop/src/main.rs","67","425C3251AFA7679974F72D0ACD4837299069DD5A624CEF06BA7527923C3F0412","425C3251AFA7679974F72D0ACD4837299069DD5A624CEF06BA7527923C3F0412","True"
"desktop/src/persist.rs","2864","7CF66CF6C186FF6C3C273A16990464CEDC279468D17ABDBEB3DA24B6B4D47CE3","7CF66CF6C186FF6C3C273A16990464CEDC279468D17ABDBEB3DA24B6B4D47CE3","True"
"desktop/src/preferences.rs","915","144E5682254C057B1055902381BD2E3C9EBA3294915CC44298D63265B0932B75","144E5682254C057B1055902381BD2E3C9EBA3294915CC44298D63265B0932B75","True"
"desktop/src/render.rs","61","A2127709351ADBB2619D32EF3AC6E5492BDA8E94E6A550F13FBC35A650FCCFBB","A2127709351ADBB2619D32EF3AC6E5492BDA8E94E6A550F13FBC35A650FCCFBB","True"
"desktop/src/render/composite_shader.wgsl","3351","6217A1D268F90B72481ED2BAC28FFF626018E98900F3C8DF911044E5F67D2836","6217A1D268F90B72481ED2BAC28FFF626018E98900F3C8DF911044E5F67D2836","True"
"desktop/src/render/state.rs","12531","5E3150E2FFE2F3590637BD2F2E605D7CB11170D58B4DE04CD12CFB45198C5BF8","5E3150E2FFE2F3590637BD2F2E605D7CB11170D58B4DE04CD12CFB45198C5BF8","True"
"desktop/src/socket.rs","4158","AA284768726DD2543AB2D2F15AF867B4B720D69DA0FE5966580CB816D18FB78B","AA284768726DD2543AB2D2F15AF867B4B720D69DA0FE5966580CB816D18FB78B","True"
"desktop/src/window.rs","6331","B1EEF1EE1D04CB8A0DAC66E348B37E733B9B2B4F4D7E257FA3668C91C3239FB8","B1EEF1EE1D04CB8A0DAC66E348B37E733B9B2B4F4D7E257FA3668C91C3239FB8","True"
"desktop/src/window/linux.rs","995","51041256046BCC41A55500C216DAC3561AA5FE57F6164300EA66ACE39456F885","51041256046BCC41A55500C216DAC3561AA5FE57F6164300EA66ACE39456F885","True"
"desktop/src/window/mac.rs","1117","0190E33CFA5DEECCD7EB7D411B40D2E467C9A696F338C23FB0116AA29B470E2D","0190E33CFA5DEECCD7EB7D411B40D2E467C9A696F338C23FB0116AA29B470E2D","True"
"desktop/src/window/mac/app.rs","3826","2168D1D93011471F203AC5AC20CA6FAC57AA338D7BC0C7F2B1F68F4073059248","2168D1D93011471F203AC5AC20CA6FAC57AA338D7BC0C7F2B1F68F4073059248","True"
"desktop/src/window/mac/menu.rs","4775","6959BE5F24D8E88FDDA790A052107ADFAFBA9D38F7A069333642D640FF574F31","6959BE5F24D8E88FDDA790A052107ADFAFBA9D38F7A069333642D640FF574F31","True"
"desktop/src/window/win.rs","1395","B037C1D6F466839E18FB9EC298ACCFC23BF92BF5EC46BF227A36B799BD1EDD19","B037C1D6F466839E18FB9EC298ACCFC23BF92BF5EC46BF227A36B799BD1EDD19","True"
"desktop/src/window/win/native_handle.rs","15098","617ACCE0E4B43A10C25745A101AD8C134058BA1FE4E8975CB7FB764A28DEDA00","617ACCE0E4B43A10C25745A101AD8C134058BA1FE4E8975CB7FB764A28DEDA00","True"
"desktop/ui/Cargo.toml","1787","1EC8E15FA09926542E4DD38FF8D0B5434B19356CD1AAE964864E216E54BC04A3","1EC8E15FA09926542E4DD38FF8D0B5434B19356CD1AAE964864E216E54BC04A3","True"
"desktop/ui/src/consts.rs","1440","C280834A852242D3EC2D17C6A4475539CD74701A4A404CA5B705BD0CAD1DD196","C280834A852242D3EC2D17C6A4475539CD74701A4A404CA5B705BD0CAD1DD196","True"
"desktop/ui/src/context.rs","11678","4B7130D74CC381E44F6EDD767B1869F9CFEAD08CC1FD2372C2BFDC923544D10A","4B7130D74CC381E44F6EDD767B1869F9CFEAD08CC1FD2372C2BFDC923544D10A","True"
"desktop/ui/src/delegate.rs","1626","43EB2BF032F2C6F569F4E0892DC8584DF441D1D66DE3502C50648D799DACD0CA","43EB2BF032F2C6F569F4E0892DC8584DF441D1D66DE3502C50648D799DACD0CA","True"
"desktop/ui/src/dirs.rs","1236","7B75641E3C6474C372CD067001BC5BFE7675A223782295108FD61CEAA896A493","7B75641E3C6474C372CD067001BC5BFE7675A223782295108FD61CEAA896A493","True"
"desktop/ui/src/events.rs","879","E68F153110E7CE31544F86524C00F89F077C9E491766521D8644A180C0AA8CC5","E68F153110E7CE31544F86524C00F89F077C9E491766521D8644A180C0AA8CC5","True"
"desktop/ui/src/frames.rs","349","EB153CDCC121AF9CD653FB267C4ABCA27FBADDE91FD01A818CF574CCF89EAD05","EB153CDCC121AF9CD653FB267C4ABCA27FBADDE91FD01A818CF574CCF89EAD05","True"
"desktop/ui/src/frames/import.rs","3855","52F6469F3C6D378F8B659B99E1A6CC32527ABBE2BA122A0CB5EBE970A6BDA5F9","52F6469F3C6D378F8B659B99E1A6CC32527ABBE2BA122A0CB5EBE970A6BDA5F9","True"
"desktop/ui/src/frames/import/d3d11.rs","4422","F3D12BE747412CFFC9FE5C02C3CCD2A0AC4D7E9EBCA62A590A03CDF420E3077B","F3D12BE747412CFFC9FE5C02C3CCD2A0AC4D7E9EBCA62A590A03CDF420E3077B","True"
"desktop/ui/src/frames/import/dmabuf.rs","8189","A7B9302ED8125CC2F02F71D3DF94E8402A5A4130A4975CA9D0520D02679C4B0A","A7B9302ED8125CC2F02F71D3DF94E8402A5A4130A4975CA9D0520D02679C4B0A","True"
"desktop/ui/src/frames/import/iosurface.rs","3435","17CCEF6E7C8CABF94D15E7FD4652CB12A32887834B09879E166576D4A5D64949","17CCEF6E7C8CABF94D15E7FD4652CB12A32887834B09879E166576D4A5D64949","True"
"desktop/ui/src/frames/plane.rs","892","C4813D9BCDB4AF77302ED102CD3069AAE5A21B68381BE6D26BF2F8C38E328270","C4813D9BCDB4AF77302ED102CD3069AAE5A21B68381BE6D26BF2F8C38E328270","True"
"desktop/ui/src/frames/plane/linux.rs","8582","A4539A6ADB71D092C43B912C763876BFD541E69B3BE070392881A124E9F3DA7E","A4539A6ADB71D092C43B912C763876BFD541E69B3BE070392881A124E9F3DA7E","True"
"desktop/ui/src/frames/plane/mac.rs","9358","747D071B2442324FBDBBFAD22CD668BAF84DD25F13B54EB56044E145221F1950","747D071B2442324FBDBBFAD22CD668BAF84DD25F13B54EB56044E145221F1950","True"
"desktop/ui/src/frames/plane/win.rs","5039","AFBBEEAE590420D95F56F599E78F85E94415D18929BFEDD2B2EB21724F8654F1","AFBBEEAE590420D95F56F599E78F85E94415D18929BFEDD2B2EB21724F8654F1","True"
"desktop/ui/src/frames/receive.rs","3661","FD9C8D78582B1C97332069446317E62343FAD306B0A02AB364BAB47A504234F3","FD9C8D78582B1C97332069446317E62343FAD306B0A02AB364BAB47A504234F3","True"
"desktop/ui/src/frames/resample.rs","4510","76E2F6ABFF7D87E02320CEDF213836D06E7D19C1B0F7A326B1F5BD2C1C5EB40E","76E2F6ABFF7D87E02320CEDF213836D06E7D19C1B0F7A326B1F5BD2C1C5EB40E","True"
"desktop/ui/src/frames/resample.wgsl","3099","C1BDFB80A14F1DC6F78F1B89249755DC06FC7BA1C367728BACB8D0DAEB80DD96","C1BDFB80A14F1DC6F78F1B89249755DC06FC7BA1C367728BACB8D0DAEB80DD96","True"
"desktop/ui/src/frames/sequence.rs","2259","DBC084DF0776F34BAC00E0E8B51D356D0C2FF7B7B34D5A1875C15616FC0A2B9C","DBC084DF0776F34BAC00E0E8B51D356D0C2FF7B7B34D5A1875C15616FC0A2B9C","True"
"desktop/ui/src/frames/sink.rs","1130","1E641EA2FD07429CB2130F45FCA1C67F94EC3065351EEC1651BDAE80270870A5","1E641EA2FD07429CB2130F45FCA1C67F94EC3065351EEC1651BDAE80270870A5","True"
"desktop/ui/src/frames/streamer.rs","4580","AEDEB5256133856753080BE828132E6B381440A9DAC1D091983B6FAF243F046F","AEDEB5256133856753080BE828132E6B381440A9DAC1D091983B6FAF243F046F","True"
"desktop/ui/src/frames/surface.rs","7140","D5683B1CFF56F3DD7077B469E666A9DDA5F1D6AFF51E655305AC0472EA63B029","D5683B1CFF56F3DD7077B469E666A9DDA5F1D6AFF51E655305AC0472EA63B029","True"
"desktop/ui/src/input.rs","7890","87BE5C5872E9DFD8AA989B8DBE15809694E12117F025DEE6E221DB63F8A1395D","87BE5C5872E9DFD8AA989B8DBE15809694E12117F025DEE6E221DB63F8A1395D","True"
"desktop/ui/src/input/keymap.rs","5101","98A62501F0C569A9BE4E485D30ECE82D6492192B6CDBD36ED51EA4D02C4F78C3","98A62501F0C569A9BE4E485D30ECE82D6492192B6CDBD36ED51EA4D02C4F78C3","True"
"desktop/ui/src/input/state.rs","6874","BBCF0CD19DBBE7E2B2BDE80ACA885782420CEB5FD4348519BED19EBADEA605F2","BBCF0CD19DBBE7E2B2BDE80ACA885782420CEB5FD4348519BED19EBADEA605F2","True"
"desktop/ui/src/internal.rs","707","F1C4F28F3C25D5E1614E89D325B131027D8AB417B44803DACD9467B74216EA43","F1C4F28F3C25D5E1614E89D325B131027D8AB417B44803DACD9467B74216EA43","True"
"desktop/ui/src/internal/browser_process_app.rs","4989","B43C3F16E66A289243B834900A124972752D4A4EA4A4139CA300A0FE2318EB49","B43C3F16E66A289243B834900A124972752D4A4EA4A4139CA300A0FE2318EB49","True"
"desktop/ui/src/internal/browser_process_client.rs","3847","CDC8EAFFABB34730BDCB04311D8AF61130F509C5A7E79391CED3DD4925F561CC","CDC8EAFFABB34730BDCB04311D8AF61130F509C5A7E79391CED3DD4925F561CC","True"
"desktop/ui/src/internal/browser_process_handler.rs","1349","58AC5DE00E1848464B49BDAE90BEE5FD49B5B7C988F71A7E0A3773B86AA9F310","58AC5DE00E1848464B49BDAE90BEE5FD49B5B7C988F71A7E0A3773B86AA9F310","True"
"desktop/ui/src/internal/context_menu_handler.rs","1665","4877DB641DAD39C9414FB0A21680D179005BB1694762178ED19687E4D9F062E8","4877DB641DAD39C9414FB0A21680D179005BB1694762178ED19687E4D9F062E8","True"
"desktop/ui/src/internal/display_handler.rs","5591","9AFED86D81A07BB97767B2B9B16E2F0DEF275F0AD6B239FFE7F2328F8F6DEB7E","9AFED86D81A07BB97767B2B9B16E2F0DEF275F0AD6B239FFE7F2328F8F6DEB7E","True"
"desktop/ui/src/internal/keyboard_handler.rs","3374","861CE04693F46A9FC8FAEA5446A063FB564BCDE361DA408199CCEBB656516122","861CE04693F46A9FC8FAEA5446A063FB564BCDE361DA408199CCEBB656516122","True"
"desktop/ui/src/internal/life_span_handler.rs","1823","586AC7BE7B187277C5D909EEA375D6A867F51FB6160E6742AF124E33CDD9AB76","586AC7BE7B187277C5D909EEA375D6A867F51FB6160E6742AF124E33CDD9AB76","True"
"desktop/ui/src/internal/load_handler.rs","1475","EC74E89DE489623753EB536B4F744DA53EA8AA312DDC1610558AE06C18F1BA82","EC74E89DE489623753EB536B4F744DA53EA8AA312DDC1610558AE06C18F1BA82","True"
"desktop/ui/src/internal/render_handler.rs","2489","EF00FF5EBC3CDC555C442A594970ADD32D1B9A092DA7F52BBBBEBCC61445CD0A","EF00FF5EBC3CDC555C442A594970ADD32D1B9A092DA7F52BBBBEBCC61445CD0A","True"
"desktop/ui/src/internal/render_process_app.rs","1504","EAF022B606937A4EB06E6D68634897E38935C2BF58A2E4A5C19FE9C62DF761F4","EAF022B606937A4EB06E6D68634897E38935C2BF58A2E4A5C19FE9C62DF761F4","True"
"desktop/ui/src/internal/render_process_handler.rs","4213","357B4F367F5275D74CB3A2E0E7547F9E36E87EC0952CB4BA9952F62387D09F2F","357B4F367F5275D74CB3A2E0E7547F9E36E87EC0952CB4BA9952F62387D09F2F","True"
"desktop/ui/src/internal/render_process_v8_handler.rs","2442","581DCDA7F967A359E297EE727A39B230C12EB4D735FE708530488CF65A36FB58","581DCDA7F967A359E297EE727A39B230C12EB4D735FE708530488CF65A36FB58","True"
"desktop/ui/src/internal/request_handler.rs","2318","84E019FECCD1C6C145A0FF35782D28EF08B1FD61C963AE16A91B5EDCD0725CC2","84E019FECCD1C6C145A0FF35782D28EF08B1FD61C963AE16A91B5EDCD0725CC2","True"
"desktop/ui/src/internal/resource_handler.rs","3005","8131D6EE56D4B95B2C99FED4679FE5E725AB975C6D598EE9071CC65655819892","8131D6EE56D4B95B2C99FED4679FE5E725AB975C6D598EE9071CC65655819892","True"
"desktop/ui/src/internal/resource_request_handler.rs","1975","D43EB0BCA19F4162EF46095AB13CC457F457BFA275229860E5CDA22B8A1044C4","D43EB0BCA19F4162EF46095AB13CC457F457BFA275229860E5CDA22B8A1044C4","True"
"desktop/ui/src/internal/scheme_handler_factory.rs","2611","0B7ECF0E4068D5BD3C701FA1A5A607277FAE18D34EBB277A00ACB4303CD9C712","0B7ECF0E4068D5BD3C701FA1A5A607277FAE18D34EBB277A00ACB4303CD9C712","True"
"desktop/ui/src/internal/task.rs","1407","44723F6814F1924BC9C22B7C984670C271FA3AA7F053AF0F97D5E6A55F1B5594","44723F6814F1924BC9C22B7C984670C271FA3AA7F053AF0F97D5E6A55F1B5594","True"
"desktop/ui/src/ipc.rs","3501","0F065369CF4C73F2A09FAB425CFD13BF02575EBE936EDA181FCCCEE25470E605","0F065369CF4C73F2A09FAB425CFD13BF02575EBE936EDA181FCCCEE25470E605","True"
"desktop/ui/src/lib.rs","6089","783B27AA59C289D4DD39C802FF3C40D20898CFCE770ED3D5B740C4494D002B55","783B27AA59C289D4DD39C802FF3C40D20898CFCE770ED3D5B740C4494D002B55","True"
"desktop/ui/src/platform.rs","2091","238A0E1251219C9DD1B20987A6DAD07A3A6B891836EA037EBC84BCBBE55A9A1E","238A0E1251219C9DD1B20987A6DAD07A3A6B891836EA037EBC84BCBBE55A9A1E","True"
"desktop/ui/src/platform/linux.rs","1179","CF37F839B0C7F0E53DAF2131DEDCFD8D65CF36B5E2902EDAB9B0116CBDF56B55","CF37F839B0C7F0E53DAF2131DEDCFD8D65CF36B5E2902EDAB9B0116CBDF56B55","True"
"desktop/ui/src/platform/mac.rs","2101","BEF7CF40A9DE3CF4EC9C97D029A8168590491974382F1566ED1D14B3AD6793E4","BEF7CF40A9DE3CF4EC9C97D029A8168590491974382F1566ED1D14B3AD6793E4","True"
"desktop/ui/src/platform/win.rs","1283","C51A8B9D6B728F55025CA153770D305A7041B1E147419DC42044A2D85B349B51","C51A8B9D6B728F55025CA153770D305A7041B1E147419DC42044A2D85B349B51","True"
"desktop/ui/src/remote.rs","955","F22ADDFD802394A43DE520613E2B27BA6AE2A6B299860A595E8D61017B54FD3C","F22ADDFD802394A43DE520613E2B27BA6AE2A6B299860A595E8D61017B54FD3C","True"
"desktop/ui/src/remote/host.rs","4097","1319544A6FF276EB331A27AAA87E30E729B7026DEFD6E44AFE16544D2291F960","1319544A6FF276EB331A27AAA87E30E729B7026DEFD6E44AFE16544D2291F960","True"
"desktop/ui/src/remote/messages.rs","1075","BB6C6A548D6BEEF559D025FD164C46EB1BB2223B46735F8EC5BD64FA98E7B789","BB6C6A548D6BEEF559D025FD164C46EB1BB2223B46735F8EC5BD64FA98E7B789","True"
"desktop/ui/src/remote/spawn.rs","13384","891445A54F2FCFFEB9E78108A5EFADED5ABBF21BFDF1984483D00DAE4E063D41","891445A54F2FCFFEB9E78108A5EFADED5ABBF21BFDF1984483D00DAE4E063D41","True"
"desktop/ui/src/resources.rs","3306","62B960AA5B3F5347EC1B0A065791CF054D1F045AEA8D56E6F0580FFE5ED1B150","62B960AA5B3F5347EC1B0A065791CF054D1F045AEA8D56E6F0580FFE5ED1B150","True"
"desktop/ui/src/utility.rs","269","7AD4F496D866F8687A33BCB2574E59E6E09D6B2D58536FA2530CBEE967E4CA6C","7AD4F496D866F8687A33BCB2574E59E6E09D6B2D58536FA2530CBEE967E4CA6C","True"
"desktop/ui/src/view.rs","1316","248B961DD9E2096F7587CEACAE6364577FA36AC86C2FE5F8A4C23CA03995D82D","248B961DD9E2096F7587CEACAE6364577FA36AC86C2FE5F8A4C23CA03995D82D","True"
"desktop/wrapper/Cargo.toml","909","C4A928093CE19ED01B8EB721DBE66106DABD52D88FACAA8601DE82F211B034AD","C4A928093CE19ED01B8EB721DBE66106DABD52D88FACAA8601DE82F211B034AD","True"
"desktop/wrapper/src/handle_desktop_wrapper_message.rs","4065","FA167EFC6D221898B907F4397265436E375C123E44E074907C494973485C3161","FA167EFC6D221898B907F4397265436E375C123E44E074907C494973485C3161","True"
"desktop/wrapper/src/intercept_editor_message.rs","290","67417B0B8815D843CABF79E31A2CB5627B75DB24C7B1129E785B2A773C5F4198","67417B0B8815D843CABF79E31A2CB5627B75DB24C7B1129E785B2A773C5F4198","True"
"desktop/wrapper/src/intercept_frontend_message.rs","6050","41588C6E5595C1F748B4FC1FB63B22C3751E11EDE2CCCDB1683D2FC1BDEB09A3","41588C6E5595C1F748B4FC1FB63B22C3751E11EDE2CCCDB1683D2FC1BDEB09A3","True"
"desktop/wrapper/src/lib.rs","2797","82A381E83252E1AAC1D58F8B7DF1D4D8EDF79B7273CE991D167A8E0C5EF5E38D","82A381E83252E1AAC1D58F8B7DF1D4D8EDF79B7273CE991D167A8E0C5EF5E38D","True"
"desktop/wrapper/src/message_dispatcher.rs","2528","9DB4FAA5C4D11F1206263CAB7C3FB0922E1E1E801E7864B4FC7D422F00389682","9DB4FAA5C4D11F1206263CAB7C3FB0922E1E1E801E7864B4FC7D422F00389682","True"
"desktop/wrapper/src/messages.rs","3459","8FCDD8C5728320B4D1444DF31401FB1127EDCA9929724398430ECE37492FCDA4","8FCDD8C5728320B4D1444DF31401FB1127EDCA9929724398430ECE37492FCDA4","True"
"desktop/wrapper/src/utils.rs","9511","14991B28D1023AAB95C31230C86F2A0E111B60139885BD618235509AE0BB1FAB","14991B28D1023AAB95C31230C86F2A0E111B60139885BD618235509AE0BB1FAB","True"
"document/container/Cargo.toml","1311","4D77E8A260BA28AABF893E310545E59324AFD78009898CC7428009A98D4FB891","4D77E8A260BA28AABF893E310545E59324AFD78009898CC7428009A98D4FB891","True"
"document/container/src/archive.rs","4348","78707858412814AADF84CE5244EFE810FFF3EDD5F8658364F31F6E29E3ABC795","78707858412814AADF84CE5244EFE810FFF3EDD5F8658364F31F6E29E3ABC795","True"
"document/container/src/archive/xz.rs","3266","952E89AFE07055FBC34FC003E2428EE38717DE56220FF6FF02013704282469DD","952E89AFE07055FBC34FC003E2428EE38717DE56220FF6FF02013704282469DD","True"
"document/container/src/archive/zip.rs","2262","E0C7B8DD8DD26AF4D149DA47EB9D64403A68D0243923C118A6B2BE16183F0640","E0C7B8DD8DD26AF4D149DA47EB9D64403A68D0243923C118A6B2BE16183F0640","True"
"document/container/src/backends.rs","155","523C5D169DF08B21EF4037EC843AA8628AC8714EA9C38E952136777FFCA943F9","523C5D169DF08B21EF4037EC843AA8628AC8714EA9C38E952136777FFCA943F9","True"
"document/container/src/backends/folder.rs","6061","C048A5837E6CB639D8981676C8CABC517CBC09264F1413A283CE1C267C8DAE12","C048A5837E6CB639D8981676C8CABC517CBC09264F1413A283CE1C267C8DAE12","True"
"document/container/src/backends/memory.rs","2555","0D621DBC212CC35591C9BBD65C56F86932F1AA154B973E55AD5100D810426E1A","0D621DBC212CC35591C9BBD65C56F86932F1AA154B973E55AD5100D810426E1A","True"
"document/container/src/backends/opfs.rs","17410","90DFA0572C388F3A4B1B65E1A5440169DE1FE218D6FF9FFFF96E9E9168F9A367","90DFA0572C388F3A4B1B65E1A5440169DE1FE218D6FF9FFFF96E9E9168F9A367","True"
"document/container/src/lib.rs","19996","8B25B0057D20456C2932DE9B09ADDB7C5F590FAFA465992C2DB3E70CBA9818A0","8B25B0057D20456C2932DE9B09ADDB7C5F590FAFA465992C2DB3E70CBA9818A0","True"
"document/container/tests/archive.rs","2747","C9DD5835D712D9E249581ACD49A60CDBA4A5F808BA1A17A29319194E1C735204","C9DD5835D712D9E249581ACD49A60CDBA4A5F808BA1A17A29319194E1C735204","True"
"document/container/tests/round_trip.rs","6719","278AF33C81C1F2C08C3579D673DE9473114370D2A0F570E15F2015F210AC969E","278AF33C81C1F2C08C3579D673DE9473114370D2A0F570E15F2015F210AC969E","True"
"document/format/Cargo.toml","1468","0B01342497805A564EC8282B7748E85E1EBB55E4F15EE14E3B045327723965A2","0B01342497805A564EC8282B7748E85E1EBB55E4F15EE14E3B045327723965A2","True"
"document/format/src/codec.rs","11149","26F2F8864F8D68CF73C29D000158720855D1D10BA7942243241C940A00A5A3CB","26F2F8864F8D68CF73C29D000158720855D1D10BA7942243241C940A00A5A3CB","True"
"document/format/src/error.rs","2331","1BE6374F42011017F51562FF2CD0E06315DA008155F7A98A402D798A79B626B1","1BE6374F42011017F51562FF2CD0E06315DA008155F7A98A402D798A79B626B1","True"
"document/format/src/export.rs","13213","82E75F741CDD27F8C05536EC7BEC3D8A375E6E3CA850A763D1BBFDD4301F14FD","82E75F741CDD27F8C05536EC7BEC3D8A375E6E3CA850A763D1BBFDD4301F14FD","True"
"document/format/src/io.rs","2559","667B309C96445859DA99472351A3F1AFE5B74521D3CE6C0A609528A0EEBC7E2A","667B309C96445859DA99472351A3F1AFE5B74521D3CE6C0A609528A0EEBC7E2A","True"
"document/format/src/layout.rs","1457","B77B5664D68BC8197A6CF9343EC93CEC586DC0D4CBF55ABAA61E66A204250007","B77B5664D68BC8197A6CF9343EC93CEC586DC0D4CBF55ABAA61E66A204250007","True"
"document/format/src/lib.rs","15971","4AD4F512F413F6B70BDB98AFCF1BDC33A1875BB3F1F6A2817FB87BE8CB94DCF0","4AD4F512F413F6B70BDB98AFCF1BDC33A1875BB3F1F6A2817FB87BE8CB94DCF0","True"
"document/format/src/manifest.rs","1864","EDA7438BDA53CDD257DBD36C8767E9C2AD55270EFAF97C436A02F4725CCB5861","EDA7438BDA53CDD257DBD36C8767E9C2AD55270EFAF97C436A02F4725CCB5861","True"
"document/format/src/persist.rs","11991","D81B105C729D9BD3267D37B954C4A7DD501199E101E5C429E70303BF321342C7","D81B105C729D9BD3267D37B954C4A7DD501199E101E5C429E70303BF321342C7","True"
"document/format/src/resource.rs","6306","0CD37A23F03478C9DE9CF2F82B102CE1F19169AD61A77B51152A683853F1181B","0CD37A23F03478C9DE9CF2F82B102CE1F19169AD61A77B51152A683853F1181B","True"
"document/format/src/session_state.rs","2359","703C368FE75FDD6F87D7FC45EF097CAC632F53FD5B5E1D38A9B5178D06C7A2ED","703C368FE75FDD6F87D7FC45EF097CAC632F53FD5B5E1D38A9B5178D06C7A2ED","True"
"document/format/tests/open_create.rs","30254","3B746E2ACBFD87318E99206C88A0E99B0180FA96E2661BCBF8FA75D990567129","3B746E2ACBFD87318E99206C88A0E99B0180FA96E2661BCBF8FA75D990567129","True"
"document/graph-storage/Cargo.toml","790","6D4EB4695480F03EC46A5611A170F5F2C6047E8F99569C0697D6030781973894","6D4EB4695480F03EC46A5611A170F5F2C6047E8F99569C0697D6030781973894","True"
"document/graph-storage/src/attributes.rs","2522","25FC5359760DAFB1EB22A5B715493DB5FC46F3C33E3B4AC068D41AC91D4F4496","25FC5359760DAFB1EB22A5B715493DB5FC46F3C33E3B4AC068D41AC91D4F4496","True"
"document/graph-storage/src/attributes/attr.rs","2520","683F6C0D8C3DF4DF308512B0350A88BB78366C7230D4A0A1DD1F9858F5E8F09B","683F6C0D8C3DF4DF308512B0350A88BB78366C7230D4A0A1DD1F9858F5E8F09B","True"
"document/graph-storage/src/crdt.rs","8067","183798E3938043BE3FDFBB7FCB6C5516F7EF182C32E483137254AC9D1A34A77E","183798E3938043BE3FDFBB7FCB6C5516F7EF182C32E483137254AC9D1A34A77E","True"
"document/graph-storage/src/delta.rs","14483","BBAEE26F69D3DE44742245DA203FF61128D12246E0E208810C28AFB5F69D0553","BBAEE26F69D3DE44742245DA203FF61128D12246E0E208810C28AFB5F69D0553","True"
"document/graph-storage/src/document.rs","21042","29D9B3014A89028BBFF544E289995D197C3411ECB57A7ACDE9C501FBD0453603","29D9B3014A89028BBFF544E289995D197C3411ECB57A7ACDE9C501FBD0453603","True"
"document/graph-storage/src/from_runtime.rs","24138","ABAD65EA4086340DBF897443C45D7469BE34184EB8F197AB79556D2167F41521","ABAD65EA4086340DBF897443C45D7469BE34184EB8F197AB79556D2167F41521","True"
"document/graph-storage/src/history.rs","7337","B3ECF6749FC9D468221D8369B1D688C9BC67341946899C41F1B656466284C3D8","B3ECF6749FC9D468221D8369B1D688C9BC67341946899C41F1B656466284C3D8","True"
"document/graph-storage/src/ids.rs","5211","7E48E055D36D584B7D241C8173890727038E04FBB2A80B5F10FD5A5BA4E9DD5F","7E48E055D36D584B7D241C8173890727038E04FBB2A80B5F10FD5A5BA4E9DD5F","True"
"document/graph-storage/src/lib.rs","1031","3D844EFBE682B2CF07F17503C5FBCA956DA44581BD15C9E5050815FACF371316","3D844EFBE682B2CF07F17503C5FBCA956DA44581BD15C9E5050815FACF371316","True"
"document/graph-storage/src/metadata_source.rs","5065","86CBD6B89AD35C58621634B8567C95D932E8875D78C4BCF5FB19E69A5FF4D426","86CBD6B89AD35C58621634B8567C95D932E8875D78C4BCF5FB19E69A5FF4D426","True"
"document/graph-storage/src/model.rs","5690","F4B0DB554261E7EF3F3283EBFD2994D8BDF22967F154C1BA6EC3C04D7117D2AF","F4B0DB554261E7EF3F3283EBFD2994D8BDF22967F154C1BA6EC3C04D7117D2AF","True"
"document/graph-storage/src/registry.rs","6017","472E5F351F2BAD20A3789569F1BAA3F7B9BB987EF8AC3A4C24B531B6F9C5851C","472E5F351F2BAD20A3789569F1BAA3F7B9BB987EF8AC3A4C24B531B6F9C5851C","True"
"document/graph-storage/src/resources.rs","11345","E4493A5A99350A6D6EB4C7301628BDD2FA0EDBDB8867B7215ED720653C3DC693","E4493A5A99350A6D6EB4C7301628BDD2FA0EDBDB8867B7215ED720653C3DC693","True"
"document/graph-storage/src/session.rs","25328","82F3F0E58CF2F63B25372D30B622608C9E7392626197CBE1EEB30259797BD346","82F3F0E58CF2F63B25372D30B622608C9E7392626197CBE1EEB30259797BD346","True"
"document/graph-storage/src/tests/crdt.rs","35007","D549C50BC5CC1C20BFEE39E079A8DEDB79EDE3CA9764816559814ABCEEB7A7E8","D549C50BC5CC1C20BFEE39E079A8DEDB79EDE3CA9764816559814ABCEEB7A7E8","True"
"document/graph-storage/src/tests/round_trip.rs","31012","9BE27DD89866E41C546E4B551532C9886FA1ACDC6A6D6BB5D1789576F29400AD","9BE27DD89866E41C546E4B551532C9886FA1ACDC6A6D6BB5D1789576F29400AD","True"
"document/graph-storage/src/to_runtime.rs","16948","01D08357B639D523BA884D9736797EE86963D9C99FEB667647A760AC8DF463BD","01D08357B639D523BA884D9736797EE86963D9C99FEB667647A760AC8DF463BD","True"
"editor/build.rs","2481","23779C31C7A6F5B2DF08129A5AF0E30AC5FB2CD50E3FA731B7508258408FAF0C","23779C31C7A6F5B2DF08129A5AF0E30AC5FB2CD50E3FA731B7508258408FAF0C","True"
"editor/Cargo.toml","2298","338A9857D8D3F21F425CAF67073669F50986A13436AFCE3AA4022CA66B7A8A4A","338A9857D8D3F21F425CAF67073669F50986A13436AFCE3AA4022CA66B7A8A4A","True"
"editor/src/application.rs","3807","EF2D4DC6A1413858D088344017E28F010E0C83339D98173862E2319951F2A021","EF2D4DC6A1413858D088344017E28F010E0C83339D98173862E2319951F2A021","True"
"editor/src/consts.rs","8544","9B8BD61FD04287F2E1ECC06120279038348A7D01AF03BA36F50A38F10F94FF46","9B8BD61FD04287F2E1ECC06120279038348A7D01AF03BA36F50A38F10F94FF46","True"
"editor/src/dispatcher.rs","24309","34F2BF3A0B898AD848C5F9CB1A897EA5647DAA49D89C9431A4C6B3BE48E671C3","34F2BF3A0B898AD848C5F9CB1A897EA5647DAA49D89C9431A4C6B3BE48E671C3","True"
"editor/src/lib.rs","589","D0B91EBF7559B74795CB453F8482967D52DCBFB98D82CE8905F200355DBE3D36","D0B91EBF7559B74795CB453F8482967D52DCBFB98D82CE8905F200355DBE3D36","True"
"editor/src/macros.rs","1102","6DA7B3D3F7297C1AA0DC4B13E0E6220A4016140CDC196CF14175EDAD40A598E4","6DA7B3D3F7297C1AA0DC4B13E0E6220A4016140CDC196CF14175EDAD40A598E4","True"
"editor/src/messages/animation/animation_message.rs","468","81DFCCE088B797E1F493E0E166DE06574582C019611AB2C9AC010C9465A5803B","81DFCCE088B797E1F493E0E166DE06574582C019611AB2C9AC010C9465A5803B","True"
"editor/src/messages/animation/animation_message_handler.rs","4391","FCCC459AF830A036099AC0CF6D008187ADA4B6BCA760BAE2E96B1AF556B01B74","FCCC459AF830A036099AC0CF6D008187ADA4B6BCA760BAE2E96B1AF556B01B74","True"
"editor/src/messages/animation/mod.rs","280","96FD2E1C0C3464BCA92554A46B26E9015081E9C847C198DED1B84DAD81C3C9F5","96FD2E1C0C3464BCA92554A46B26E9015081E9C847C198DED1B84DAD81C3C9F5","True"
"editor/src/messages/app_window/app_window_message.rs","322","F88AD33B9649177A78E4FCDE0AD95B3D97DDA2FE9EE0796F8A64900795B8E1B4","F88AD33B9649177A78E4FCDE0AD95B3D97DDA2FE9EE0796F8A64900795B8E1B4","True"
"editor/src/messages/app_window/app_window_message_handler.rs","2885","DE6280591375182D66E264C4F4036F5373D415C4FA23AC261538841F75BA3B13","DE6280591375182D66E264C4F4036F5373D415C4FA23AC261538841F75BA3B13","True"
"editor/src/messages/app_window/mod.rs","230","77B139AF2D58F85D3A72B54F70F858AEC723028D932798C11B70B35244F00450","77B139AF2D58F85D3A72B54F70F858AEC723028D932798C11B70B35244F00450","True"
"editor/src/messages/broadcast/broadcast_message.rs","373","40418AA1BF7DDC94299B77BFDECA72C1BF449E95F29B4486E8BA3F57A620E07F","40418AA1BF7DDC94299B77BFDECA72C1BF449E95F29B4486E8BA3F57A620E07F","True"
"editor/src/messages/broadcast/broadcast_message_handler.rs","910","8CE6D56D9E059B7C127534245DE25CF202A9ECAAEEE96B3CB5CEA489EE8FD8F8","8CE6D56D9E059B7C127534245DE25CF202A9ECAAEEE96B3CB5CEA489EE8FD8F8","True"
"editor/src/messages/broadcast/event/event_message.rs","336","B22A44CD7ACF25B8D264E862B780C1EFEE4FE6FEC2C24913E0013189A49544EC","B22A44CD7ACF25B8D264E862B780C1EFEE4FE6FEC2C24913E0013189A49544EC","True"
"editor/src/messages/broadcast/event/event_message_handler.rs","662","18D194D8A4BC017F4D9BE65DB1DC499650960E806A27D847AC28C07552E3A724","18D194D8A4BC017F4D9BE65DB1DC499650960E806A27D847AC28C07552E3A724","True"
"editor/src/messages/broadcast/event/mod.rs","217","7B32ED39066B1F7C206D7171F87414B1B9306466EF2CE8674FE207E210FA590B","7B32ED39066B1F7C206D7171F87414B1B9306466EF2CE8674FE207E210FA590B","True"
"editor/src/messages/broadcast/mod.rs","238","AE2AB8D4E02A58F365819A66BCA62285BC6BED052DC1173F8A502144531F4FE2","AE2AB8D4E02A58F365819A66BCA62285BC6BED052DC1173F8A502144531F4FE2","True"
"editor/src/messages/clipboard/clipboard_message.rs","675","A98985A9049A0F7826EBB0042B727B4EE324C2BA913DDE29C41B75A2F547E10C","A98985A9049A0F7826EBB0042B727B4EE324C2BA913DDE29C41B75A2F547E10C","True"
"editor/src/messages/clipboard/clipboard_message_handler.rs","24006","5F949C36BF13385E5401ED1C28EF145AEEEB1DDCAFE5483B8C6DA8A7EC63DA60","5F949C36BF13385E5401ED1C28EF145AEEEB1DDCAFE5483B8C6DA8A7EC63DA60","True"
"editor/src/messages/clipboard/mod.rs","276","00586355A7455188A7619D741BABC59CD9E4C341002894D3F06F59CDAAF0A149","00586355A7455188A7619D741BABC59CD9E4C341002894D3F06F59CDAAF0A149","True"
"editor/src/messages/clipboard/utility_types.rs","2378","FEA715D81B3402F9A156FD3FC89423E509A83C868098113570CF2BF6D1E12A40","FEA715D81B3402F9A156FD3FC89423E509A83C868098113570CF2BF6D1E12A40","True"
"editor/src/messages/color_picker/color_picker_message.rs","2791","F1371B503215EBB34919A84898E95A8CCEB9A3C18DF6B7E8E59D285F069047A4","F1371B503215EBB34919A84898E95A8CCEB9A3C18DF6B7E8E59D285F069047A4","True"
"editor/src/messages/color_picker/color_picker_message_handler.rs","31399","534260FCE510482759EB651193C43D53E1FAE8E7687BED7670375E43EC993EE4","534260FCE510482759EB651193C43D53E1FAE8E7687BED7670375E43EC993EE4","True"
"editor/src/messages/color_picker/mod.rs","244","A735A86B34F183745FC56F33B8AB15686ED3FF53BC3C3F9E71DB1BC89C2D5302","A735A86B34F183745FC56F33B8AB15686ED3FF53BC3C3F9E71DB1BC89C2D5302","True"
"editor/src/messages/debug/debug_message.rs","239","7A304EEE856153EB9BDEB6036D514873785ED322E34D44155B5F039E80F50569","7A304EEE856153EB9BDEB6036D514873785ED322E34D44155B5F039E80F50569","True"
"editor/src/messages/debug/debug_message_handler.rs","1526","A80270503698CB7E7C69F7F569F8B938A5B10B7105902F386E07FA16D998890A","A80270503698CB7E7C69F7F569F8B938A5B10B7105902F386E07FA16D998890A","True"
"editor/src/messages/debug/mod.rs","218","566DDB951C92C09C6E2E570FFBBFA9815318B70519F14123904257E69A296489","566DDB951C92C09C6E2E570FFBBFA9815318B70519F14123904257E69A296489","True"
"editor/src/messages/debug/utility_types.rs","128","0916EB73B1284BB7FDAA0B3158A4F405AF7A8A3062D1254AE9040318D729118C","0916EB73B1284BB7FDAA0B3158A4F405AF7A8A3062D1254AE9040318D729118C","True"
"editor/src/messages/defer/defer_message.rs","396","156809503CB94803B66190A68E6EAA7761AE0C4D4FD9C1873065316EB3740DDA","156809503CB94803B66190A68E6EAA7761AE0C4D4FD9C1873065316EB3740DDA","True"
"editor/src/messages/defer/defer_message_handler.rs","2082","7BF017CED44ABA279788230AD5274D35F2C9A34B761D01872ABD18CB519D3B3A","7BF017CED44ABA279788230AD5274D35F2C9A34B761D01872ABD18CB519D3B3A","True"
"editor/src/messages/defer/mod.rs","217","EC169374E0104F311D40D3858A548AFC6581BE718744BA8765AA78BADD2BC89B","EC169374E0104F311D40D3858A548AFC6581BE718744BA8765AA78BADD2BC89B","True"
"editor/src/messages/dialog/dialog_message.rs","1022","72F4AFE511BE933478A3DA0C0B351C4A17D28A3B35311207C24744F553335DA8","72F4AFE511BE933478A3DA0C0B351C4A17D28A3B35311207C24744F553335DA8","True"
"editor/src/messages/dialog/dialog_message_handler.rs","6297","7292B57700C29574CF026C93823A4EA3781ADAE42B5C7EA252064DA31D5B4944","7292B57700C29574CF026C93823A4EA3781ADAE42B5C7EA252064DA31D5B4944","True"
"editor/src/messages/dialog/export_dialog/export_dialog_message.rs","381","9A1621E67626F6199B918FC956EE12EE54C4F021EBE1B625BE2FA998BFC4831D","9A1621E67626F6199B918FC956EE12EE54C4F021EBE1B625BE2FA998BFC4831D","True"
"editor/src/messages/dialog/export_dialog/export_dialog_message_handler.rs","5586","1BC7E89EC319A13DC5E72400347D19E191B418A7073F490CE6B4E91E060A113D","1BC7E89EC319A13DC5E72400347D19E191B418A7073F490CE6B4E91E060A113D","True"
"editor/src/messages/dialog/export_dialog/mod.rs","277","A23BCD3948776E7E6A3BBDC8D7EE6C2B94BA425898331DB8E607C40FDA78755D","A23BCD3948776E7E6A3BBDC8D7EE6C2B94BA425898331DB8E607C40FDA78755D","True"
"editor/src/messages/dialog/mod.rs","688","F166B7C786F8473A35F07F3C132115054D5AF4E74DA5215ECD27579273640DB1","F166B7C786F8473A35F07F3C132115054D5AF4E74DA5215ECD27579273640DB1","True"
"editor/src/messages/dialog/new_document_dialog/mod.rs","286","2F56A00B7A3846E0F11A7CFD7BB4EA437A61BC670F82F8ED383CABFE0F96D3A8","2F56A00B7A3846E0F11A7CFD7BB4EA437A61BC670F82F8ED383CABFE0F96D3A8","True"
"editor/src/messages/dialog/new_document_dialog/new_document_dialog_message.rs","327","1CFAEB20908528B3F547F5D7BB30DBD37DCCF23B74BC0F06EA12DDF1727CF7F4","1CFAEB20908528B3F547F5D7BB30DBD37DCCF23B74BC0F06EA12DDF1727CF7F4","True"
"editor/src/messages/dialog/new_document_dialog/new_document_dialog_message_handler.rs","5375","E30951AF3F273D00188F87AC7C89B26BCF6821AF6D8814F1B300703F6B38233D","E30951AF3F273D00188F87AC7C89B26BCF6821AF6D8814F1B300703F6B38233D","True"
"editor/src/messages/dialog/preferences_dialog/mod.rs","317","72143FC007D8E35704AB02056528D7104C8AC544DE9FB482550EB65EF4AAA0E6","72143FC007D8E35704AB02056528D7104C8AC544DE9FB482550EB65EF4AAA0E6","True"
"editor/src/messages/dialog/preferences_dialog/preferences_dialog_message.rs","247","DBB00FE4219F16E50E42C801182462E20A8D460DDE6A6AADF8A197019750477C","DBB00FE4219F16E50E42C801182462E20A8D460DDE6A6AADF8A197019750477C","True"
"editor/src/messages/dialog/preferences_dialog/preferences_dialog_message_handler.rs","21415","593191D272C7A73E27AA6028B333B7A94D3973E2C2E40D36539C26213BD594FB","593191D272C7A73E27AA6028B333B7A94D3973E2C2E40D36539C26213BD594FB","True"
"editor/src/messages/dialog/simple_dialogs/about_graphite_dialog.rs","2305","53DBDBE8AAF08C0EA03ABDBB3AAA2362D1D0AC75D68AA701F898FFE0298BCB31","53DBDBE8AAF08C0EA03ABDBB3AAA2362D1D0AC75D68AA701F898FFE0298BCB31","True"
"editor/src/messages/dialog/simple_dialogs/close_all_documents_dialog.rs","1332","0EAC9F5075CC11C799D28E8EEAE3E7C2DC439CFF87F01DF1FD7CE62626165E89","0EAC9F5075CC11C799D28E8EEAE3E7C2DC439CFF87F01DF1FD7CE62626165E89","True"
"editor/src/messages/dialog/simple_dialogs/close_document_dialog.rs","1833","D55B42A567F93DBAFB00D42D028D6181930B38E6F1A6086DCB0D742BC52055FB","D55B42A567F93DBAFB00D42D028D6181930B38E6F1A6086DCB0D742BC52055FB","True"
"editor/src/messages/dialog/simple_dialogs/confirm_restart_dialog.rs","1565","0B5758CA7EFD3DB080EC5C6341E87198E02AD33B588C4726968218E703BCAF94","0B5758CA7EFD3DB080EC5C6341E87198E02AD33B588C4726968218E703BCAF94","True"
"editor/src/messages/dialog/simple_dialogs/demo_artwork_dialog.rs","2287","6F5A121ECB819D3E3B522D0EDA3D74307B99A1C300238AB8739B8BD7A277A30B","6F5A121ECB819D3E3B522D0EDA3D74307B99A1C300238AB8739B8BD7A277A30B","True"
"editor/src/messages/dialog/simple_dialogs/error_dialog.rs","832","9B8525D71E94A9B870F08315B42F42EC71DBF9EE8C9E84C059A1E0ECFE7E5C77","9B8525D71E94A9B870F08315B42F42EC71DBF9EE8C9E84C059A1E0ECFE7E5C77","True"
"editor/src/messages/dialog/simple_dialogs/failed_to_load_documents_dialog.rs","3473","8DB779840858187A4F60FD60C569CA25B308F391B68B401F9082F3340EEF72D0","8DB779840858187A4F60FD60C569CA25B308F391B68B401F9082F3340EEF72D0","True"
"editor/src/messages/dialog/simple_dialogs/failed_to_open_document_dialog.rs","2259","04EEC1789236081C87825EDBBD380512055B02FCCD359546461A6DDE0519798E","04EEC1789236081C87825EDBBD380512055B02FCCD359546461A6DDE0519798E","True"
"editor/src/messages/dialog/simple_dialogs/licenses_dialog.rs","2209","B22B570A542873E06DD00E3904A6181B359200DDABE48113FD9761629FBDDACB","B22B570A542873E06DD00E3904A6181B359200DDABE48113FD9761629FBDDACB","True"
"editor/src/messages/dialog/simple_dialogs/licenses_third_party_dialog.rs","1836","69C89ECD0CA65A14A9C847D7FF9B418EA1F465D58DD2015598CBCAAA6F4D7274","69C89ECD0CA65A14A9C847D7FF9B418EA1F465D58DD2015598CBCAAA6F4D7274","True"
"editor/src/messages/dialog/simple_dialogs/mod.rs","867","B5DD034464189C487C1CB903B0C4B7A61421C70C59A925EB14E74691D16B0863","B5DD034464189C487C1CB903B0C4B7A61421C70C59A925EB14E74691D16B0863","True"
"editor/src/messages/frontend/frontend_message.rs","10122","E081105096745D593D73F70CFAE03CB27CE83D792A335967FEB25AF87D1B38E7","E081105096745D593D73F70CFAE03CB27CE83D792A335967FEB25AF87D1B38E7","True"
"editor/src/messages/frontend/mod.rs","346","01B9CE0C1DD7D20881A3355D0908268294128025383E33251E5992A269E58120","01B9CE0C1DD7D20881A3355D0908268294128025383E33251E5992A269E58120","True"
"editor/src/messages/frontend/utility_types.rs","2589","F23185D41080EE7E55557E2891ADE4336A743EC00AD4CB4997C3A79791727B58","F23185D41080EE7E55557E2891ADE4336A743EC00AD4CB4997C3A79791727B58","True"
"editor/src/messages/future/future_message.rs","544","313E9B1E8C409F372E0BFD915957B9304217DF7CD06A02DCBC62904C0797C5F7","313E9B1E8C409F372E0BFD915957B9304217DF7CD06A02DCBC62904C0797C5F7","True"
"editor/src/messages/future/future_message_handler.rs","5522","8042D408D984F83272AEC34A20FD0BDF83AA64D7D36EBBDD06F0E17CB015B668","8042D408D984F83272AEC34A20FD0BDF83AA64D7D36EBBDD06F0E17CB015B668","True"
"editor/src/messages/future/mod.rs","262","B9F38C839888A2DE1AF172EFD635B9C133687F4CA8E4757F9FAB33326A7374F0","B9F38C839888A2DE1AF172EFD635B9C133687F4CA8E4757F9FAB33326A7374F0","True"
"editor/src/messages/input_mapper/input_mapper_message.rs","571","8484B34FDE0CC11C3BB96F95070AE4139BB503D999F0BEC0C34D79A9440F31B4","8484B34FDE0CC11C3BB96F95070AE4139BB503D999F0BEC0C34D79A9440F31B4","True"
"editor/src/messages/input_mapper/input_mapper_message_handler.rs","4075","653C6C18427142ADD8CC10FB9710ADAA7F9A4570F74705C28FA1280F0964D6D5","653C6C18427142ADD8CC10FB9710ADAA7F9A4570F74705C28FA1280F0964D6D5","True"
"editor/src/messages/input_mapper/input_mappings.rs","48524","7B2119832BBD366C9867E84A8632626EBB2AD8BA9019114730977FFC2C8DF088","7B2119832BBD366C9867E84A8632626EBB2AD8BA9019114730977FFC2C8DF088","True"
"editor/src/messages/input_mapper/key_mapping/key_mapping_message.rs","464","99921DE23633AA783DE2D9B770B87EAE25CD3C041255F87ECFF2A00F0F9C0305","99921DE23633AA783DE2D9B770B87EAE25CD3C041255F87ECFF2A00F0F9C0305","True"
"editor/src/messages/input_mapper/key_mapping/key_mapping_message_handler.rs","1328","2B5DFF187F0162D69E34905AB4DB5833651D5D7A6474C56DE3D7628070782EC1","2B5DFF187F0162D69E34905AB4DB5833651D5D7A6474C56DE3D7628070782EC1","True"
"editor/src/messages/input_mapper/key_mapping/mod.rs","277","29FE4DB05B7C22374577D871C6C18159D72A52EDA943EDE3C7AF80BBA7A792AC","29FE4DB05B7C22374577D871C6C18159D72A52EDA943EDE3C7AF80BBA7A792AC","True"
"editor/src/messages/input_mapper/mod.rs","338","8D4700FDBCDB9080AD0EA5086F9D683381CB4B2A35C00085F3DBCDEF2C020B18","8D4700FDBCDB9080AD0EA5086F9D683381CB4B2A35C00085F3DBCDEF2C020B18","True"
"editor/src/messages/input_mapper/utility_types/input_keyboard.rs","13953","3EC79E2194C30A27D70C6CF5FA202D095E164E8F302C1D6D58A8B2F332AF4217","3EC79E2194C30A27D70C6CF5FA202D095E164E8F302C1D6D58A8B2F332AF4217","True"
"editor/src/messages/input_mapper/utility_types/input_mouse.rs","3599","14AFF4B022D0064DD51B10D3195D406E3F29A3F9C89D33B041923755DBFBA072","14AFF4B022D0064DD51B10D3195D406E3F29A3F9C89D33B041923755DBFBA072","True"
"editor/src/messages/input_mapper/utility_types/macros.rs","5919","E4E9D3069E5A867166CCEC8ECA25ECB68D40EDF849DB0D363119BD423107A831","E4E9D3069E5A867166CCEC8ECA25ECB68D40EDF849DB0D363119BD423107A831","True"
"editor/src/messages/input_mapper/utility_types/misc.rs","5192","8FAFECBFB1344B78044465210A87B4D87E4FE773097C552F22E2B9CAC2A6621B","8FAFECBFB1344B78044465210A87B4D87E4FE773097C552F22E2B9CAC2A6621B","True"
"editor/src/messages/input_mapper/utility_types/mod.rs","75","538B0E8889FBD2AFBAA09FCB5D8EC4BCC31FD407C04662C35C220129FBB534E8","538B0E8889FBD2AFBAA09FCB5D8EC4BCC31FD407C04662C35C220129FBB534E8","True"
"editor/src/messages/input_preprocessor/input_preprocessor_message.rs","1031","6733F10D7DB9FB0472D9C1AD9D1A11B39D704078F73F7165F6F626CB9C2446F9","6733F10D7DB9FB0472D9C1AD9D1A11B39D704078F73F7165F6F626CB9C2446F9","True"
"editor/src/messages/input_preprocessor/input_preprocessor_message_handler.rs","11700","F146CFB173628BFE92A5F442FE64FB22DA4F38A7CC2A7087AF8A35FE9BFF14ED","F146CFB173628BFE92A5F442FE64FB22DA4F38A7CC2A7087AF8A35FE9BFF14ED","True"
"editor/src/messages/input_preprocessor/mod.rs","317","68A9AC7659BE1BED3C2C21C833C547DA33857E54F51456CEAC79E596A8AB1741","68A9AC7659BE1BED3C2C21C833C547DA33857E54F51456CEAC79E596A8AB1741","True"
"editor/src/messages/layout/layout_message.rs","743","2ED4DCBB0F666BF32A94FD43A039A036728487AD42C43727FB6BA2FEACFD4569","2ED4DCBB0F666BF32A94FD43A039A036728487AD42C43727FB6BA2FEACFD4569","True"
"editor/src/messages/layout/layout_message_handler.rs","23640","3470BA7E9E144EC0A8C5E0AA78253A085F198BF06F537421A0916260B39E8D8D","3470BA7E9E144EC0A8C5E0AA78253A085F198BF06F537421A0916260B39E8D8D","True"
"editor/src/messages/layout/mod.rs","229","559B29631524AE5647EAF75A51E451048D83A0493AF3E199D2E494E40511910E","559B29631524AE5647EAF75A51E451048D83A0493AF3E199D2E494E40511910E","True"
"editor/src/messages/layout/utility_types/layout_widget.rs","35890","ACE0ABB1DA04DD110A92995664AA60EA386EF6040ACC33EEF50C0ADD652A80B5","ACE0ABB1DA04DD110A92995664AA60EA386EF6040ACC33EEF50C0ADD652A80B5","True"
"editor/src/messages/layout/utility_types/mod.rs","232","D685C4A99E0EEFC2DCAF9D2D725DBA07E945CE04688C9B1D55ED5A6CAAD6C740","D685C4A99E0EEFC2DCAF9D2D725DBA07E945CE04688C9B1D55ED5A6CAAD6C740","True"
"editor/src/messages/layout/utility_types/widgets/button_widgets.rs","7781","58A1E9C2479345E74584461F9B33DEE3EAFC85956C69AE307D5474282D9BBCD6","58A1E9C2479345E74584461F9B33DEE3EAFC85956C69AE307D5474282D9BBCD6","True"
"editor/src/messages/layout/utility_types/widgets/input_widgets.rs","23170","4061B0955434F1CB2DD73AD0E3B76537BF3185B401ADC4FBE14CF3D7C363610A","4061B0955434F1CB2DD73AD0E3B76537BF3185B401ADC4FBE14CF3D7C363610A","True"
"editor/src/messages/layout/utility_types/widgets/label_widgets.rs","3384","4A7F05DBE9DE79FCD37A3EEFB15E7AE1CAD52DAA861EF890C3B66C31D4726976","4A7F05DBE9DE79FCD37A3EEFB15E7AE1CAD52DAA861EF890C3B66C31D4726976","True"
"editor/src/messages/layout/utility_types/widgets/mod.rs","70","1A1E86C025C0137C93FE21F7DE7AF765E52C06DDC2F011998CB281BB859F8147","1A1E86C025C0137C93FE21F7DE7AF765E52C06DDC2F011998CB281BB859F8147","True"
"editor/src/messages/menu_bar/menu_bar_message.rs","205","DCFE09F1E7B911B43F958B16A1638EFE130AE4BC4F02F36FFFDE6DAEC0604DD7","DCFE09F1E7B911B43F958B16A1638EFE130AE4BC4F02F36FFFDE6DAEC0604DD7","True"
"editor/src/messages/menu_bar/menu_bar_message_handler.rs","31995","9455CCB7D8C525530579A36A467A54CBA141E707F6001D120C30776305CA05A1","9455CCB7D8C525530579A36A467A54CBA141E707F6001D120C30776305CA05A1","True"
"editor/src/messages/menu_bar/mod.rs","212","09F17770DDFA9EDF3A0B72B61BA13D040ADDEB194A1101191BFDB60E45DE74A7","09F17770DDFA9EDF3A0B72B61BA13D040ADDEB194A1101191BFDB60E45DE74A7","True"
"editor/src/messages/message.rs","1131","36726B95F6EEE39CEE98519B2F572C48D550F96B05DD1529EE276FDC62373FEF","36726B95F6EEE39CEE98519B2F572C48D550F96B05DD1529EE276FDC62373FEF","True"
"editor/src/messages/mod.rs","501","D4F84F597227B99541A57B98671DBF223F2C2588ACB5A847ECB6D6D58D12F89D","D4F84F597227B99541A57B98671DBF223F2C2588ACB5A847ECB6D6D58D12F89D","True"
"editor/src/messages/network/mod.rs","302","DCE26969889BFCAD5CC558FF1F165923C2C33E06D7618B938C4DE82A904754D1","DCE26969889BFCAD5CC558FF1F165923C2C33E06D7618B938C4DE82A904754D1","True"
"editor/src/messages/network/network_message.rs","1331","77F12DEA4159DD5D0229399F759F34F2F22BBE5C0D2B851787302F11C76330C6","77F12DEA4159DD5D0229399F759F34F2F22BBE5C0D2B851787302F11C76330C6","True"
"editor/src/messages/network/network_message_handler.rs","776","130B330AD024294FF5FEEE4D161D24C3EF24C1EE1807A54C8DC7D3A6C476748F","130B330AD024294FF5FEEE4D161D24C3EF24C1EE1807A54C8DC7D3A6C476748F","True"
"editor/src/messages/network/utility_types.rs","928","7A5A7D24A5C75AF97D3B3C14769252D8A8D4FA0B7D53422BDDEC267E042094FF","7A5A7D24A5C75AF97D3B3C14769252D8A8D4FA0B7D53422BDDEC267E042094FF","True"
"editor/src/messages/portfolio/document/data_panel/data_panel_message.rs","1312","6BBECC8DEB7AE6006DE4350145A2E0A61EB62F02BA11EF8D6967BE694F1E13FD","6BBECC8DEB7AE6006DE4350145A2E0A61EB62F02BA11EF8D6967BE694F1E13FD","True"
"editor/src/messages/portfolio/document/data_panel/data_panel_message_handler.rs","47986","1822138DB3B873072672FC2C96BBED5351D4CC3C83E1E0DCC2596C0B1449D230","1822138DB3B873072672FC2C96BBED5351D4CC3C83E1E0DCC2596C0B1449D230","True"
"editor/src/messages/portfolio/document/data_panel/mod.rs","157","31910A336B525FC5F922069E03FB91D97396DA696BDA2F6B5DFBB024C1597899","31910A336B525FC5F922069E03FB91D97396DA696BDA2F6B5DFBB024C1597899","True"
"editor/src/messages/portfolio/document/document_diff.rs","13319","B9BADEE5CEA1E947CED420FA715640A535EC55B5206CEEAE6E05762753B03C01","B9BADEE5CEA1E947CED420FA715640A535EC55B5206CEEAE6E05762753B03C01","True"
"editor/src/messages/portfolio/document/document_history.rs","10866","1AB437D8E4C07FCF30B5CD51BCA0F85C817227B539999E312F7D51236BA9845E","1AB437D8E4C07FCF30B5CD51BCA0F85C817227B539999E312F7D51236BA9845E","True"
"editor/src/messages/portfolio/document/document_message.rs","6963","659D94E5ED922675892B82B3D5AD19925855B81D459B17164E5788B5BA6ED1B1","659D94E5ED922675892B82B3D5AD19925855B81D459B17164E5788B5BA6ED1B1","True"
"editor/src/messages/portfolio/document/document_message_handler.rs","183597","8CC9974A601C3CCAED70C123D23B14DFA76352E72CBC4A316C4B9128BCD4F8C1","8CC9974A601C3CCAED70C123D23B14DFA76352E72CBC4A316C4B9128BCD4F8C1","True"
"editor/src/messages/portfolio/document/graph_operation/graph_operation_message.rs","4390","F873767061A6E430070FB63A79D4E25A6F54A73B39488DCC52CB556BFF9EC04D","F873767061A6E430070FB63A79D4E25A6F54A73B39488DCC52CB556BFF9EC04D","True"
"editor/src/messages/portfolio/document/graph_operation/graph_operation_message_handler.rs","48552","4632B84204AC1A7761DC890155DA1A1CE6BA993AFA43AD8CC20865119810B40C","4632B84204AC1A7761DC890155DA1A1CE6BA993AFA43AD8CC20865119810B40C","True"
"editor/src/messages/portfolio/document/graph_operation/mod.rs","229","70294744611F2086E8FA1CDB195C305B108F5CE7771B48BF05AC833292755C55","70294744611F2086E8FA1CDB195C305B108F5CE7771B48BF05AC833292755C55","True"
"editor/src/messages/portfolio/document/graph_operation/transform_utils.rs","6221","1BA4E4BEA75B11F09A4A0A82D4B679A334C27971065051150655164285F01585","1BA4E4BEA75B11F09A4A0A82D4B679A334C27971065051150655164285F01585","True"
"editor/src/messages/portfolio/document/graph_operation/utility_types.rs","48620","54859A2A101F9BF4C43673AC15E1A38190EC5E89FB54D8ABEFBC019655E6B652","54859A2A101F9BF4C43673AC15E1A38190EC5E89FB54D8ABEFBC019655E6B652","True"
"editor/src/messages/portfolio/document/mod.rs","591","390AE96B2F79C6B6041AF4EB66819E35028BFA5F61C352F0880951606BDAFB26","390AE96B2F79C6B6041AF4EB66819E35028BFA5F61C352F0880951606BDAFB26","True"
"editor/src/messages/portfolio/document/navigation/mod.rs","280","99544208C795B1A1A1ABFCFA84D53336CE68651C497B5CE3617BD1F71334877E","99544208C795B1A1A1ABFCFA84D53336CE68651C497B5CE3617BD1F71334877E","True"
"editor/src/messages/portfolio/document/navigation/navigation_message.rs","1042","8D699837A1607E760293A9D38326438D5DD4DF2A5B4793022F203F123FF077B8","8D699837A1607E760293A9D38326438D5DD4DF2A5B4793022F203F123FF077B8","True"
"editor/src/messages/portfolio/document/navigation/navigation_message_handler.rs","23885","0B9F470589185A7805CB106EB82920DEADDF74A0F84834855A26A410CF22257F","0B9F470589185A7805CB106EB82920DEADDF74A0F84834855A26A410CF22257F","True"
"editor/src/messages/portfolio/document/navigation/utility_types.rs","370","BEC16319423F2FCD61EA682F037D501041681148F032F87E2C0FFF9200672B6E","BEC16319423F2FCD61EA682F037D501041681148F032F87E2C0FFF9200672B6E","True"
"editor/src/messages/portfolio/document/node_graph/document_node_definitions.rs","67490","C422D517F656300875D0D394AA9A7782B4B550CEC0B67F32A80E293D2FC4D645","C422D517F656300875D0D394AA9A7782B4B550CEC0B67F32A80E293D2FC4D645","True"
"editor/src/messages/portfolio/document/node_graph/document_node_definitions/document_node_derive.rs","6297","5E741C9F15A8ED7ED7FD9E98759C52A37BA3929D57679A1EE2262811E39ADA4D","5E741C9F15A8ED7ED7FD9E98759C52A37BA3929D57679A1EE2262811E39ADA4D","True"
"editor/src/messages/portfolio/document/node_graph/mod.rs","287","B96BC3BEB617833F7D705AB881C87A660744ADDECA9D47317ECD69E05BF3EDEE","B96BC3BEB617833F7D705AB881C87A660744ADDECA9D47317ECD69E05BF3EDEE","True"
"editor/src/messages/portfolio/document/node_graph/node_graph_message.rs","6105","3751792F4CB901FF93DC58588D5E89597CF07CCC4FAA790521CC76E218A4F605","3751792F4CB901FF93DC58588D5E89597CF07CCC4FAA790521CC76E218A4F605","True"
"editor/src/messages/portfolio/document/node_graph/node_graph_message_handler.rs","131589","F1642CEF55A008E2DEC3AAAFA116D0F70F2368C12D7A475DF28EC99790D4BBE2","F1642CEF55A008E2DEC3AAAFA116D0F70F2368C12D7A475DF28EC99790D4BBE2","True"
"editor/src/messages/portfolio/document/node_graph/node_properties.rs","123287","8E8A103EBCD7C0F2A27625B1297B2E5B9E7C2568CD6AA377EF13A0330F8EFCC3","8E8A103EBCD7C0F2A27625B1297B2E5B9E7C2568CD6AA377EF13A0330F8EFCC3","True"
"editor/src/messages/portfolio/document/node_graph/utility_types.rs","6648","A75A5803008C17C779D2875307CD9FB8575B2E383B072E2CA3989EFF6CBA8C4E","A75A5803008C17C779D2875307CD9FB8575B2E383B072E2CA3989EFF6CBA8C4E","True"
"editor/src/messages/portfolio/document/overlays/grid_overlays.rs","16671","8F04509259D6F451B51EECB5E41B3EEC96FA80E2627E60D874C8B0777D2C2F56","8F04509259D6F451B51EECB5E41B3EEC96FA80E2627E60D874C8B0777D2C2F56","True"
"editor/src/messages/portfolio/document/overlays/mod.rs","612","3F7BF4502111FB74E82FB06CC41F00519348655E5964F2CB8E68D952C43A315A","3F7BF4502111FB74E82FB06CC41F00519348655E5964F2CB8E68D952C43A315A","True"
"editor/src/messages/portfolio/document/overlays/overlays_message.rs","675","39C3FB80979566D7975307F3099841165ECEF46A9F991232576FA20BE5D5FD29","39C3FB80979566D7975307F3099841165ECEF46A9F991232576FA20BE5D5FD29","True"
"editor/src/messages/portfolio/document/overlays/overlays_message_handler.rs","3580","A55CDC96A4B9702D929C7F9C2A356105BE3E830107A3871CE76EF88C65E5329B","A55CDC96A4B9702D929C7F9C2A356105BE3E830107A3871CE76EF88C65E5329B","True"
"editor/src/messages/portfolio/document/overlays/utility_functions.rs","10552","565283CC45DB090AE0185B10E4EA456A0FF5BC4DFE691B8280894DA41C266D59","565283CC45DB090AE0185B10E4EA456A0FF5BC4DFE691B8280894DA41C266D59","True"
"editor/src/messages/portfolio/document/overlays/utility_types_native.rs","47108","F588297391AAC201B639807D66FFC5380AB5CC3BCE540DC71F3CDD1C4CBCAD54","F588297391AAC201B639807D66FFC5380AB5CC3BCE540DC71F3CDD1C4CBCAD54","True"
"editor/src/messages/portfolio/document/overlays/utility_types_web.rs","41518","7E5F51BBCE91E3E86AC36F895EFF96C22237B0E62313E52229A238C75B8F555A","7E5F51BBCE91E3E86AC36F895EFF96C22237B0E62313E52229A238C75B8F555A","True"
"editor/src/messages/portfolio/document/properties_panel/mod.rs","272","D33EFEA53ED3DD42140BC8AB033882B310823361C998590E03DECDCA9578FF0D","D33EFEA53ED3DD42140BC8AB033882B310823361C998590E03DECDCA9578FF0D","True"
"editor/src/messages/portfolio/document/properties_panel/properties_panel_message.rs","233","35309DBEF3921B0CF5D1BCD616271F174D51FB81FE45163EBCE0031780EA2D74","35309DBEF3921B0CF5D1BCD616271F174D51FB81FE45163EBCE0031780EA2D74","True"
"editor/src/messages/portfolio/document/properties_panel/properties_panel_message_handler.rs","2315","FFE861D53A904DFF54615F174B7EFE978212F8779E404DEF6C0E6655742423D6","FFE861D53A904DFF54615F174B7EFE978212F8779E404DEF6C0E6655742423D6","True"
"editor/src/messages/portfolio/document/resource/mod.rs","264","D79227827DEFBD5ACABB690302A516BF342289AE152F8B15C95053852BB3B055","D79227827DEFBD5ACABB690302A516BF342289AE152F8B15C95053852BB3B055","True"
"editor/src/messages/portfolio/document/resource/resource_message.rs","606","5776898236F93C4BBCB0429CBE55394054D6C0ADB99C11B9634F901336A6C79D","5776898236F93C4BBCB0429CBE55394054D6C0ADB99C11B9634F901336A6C79D","True"
"editor/src/messages/portfolio/document/resource/resource_message_handler.rs","10002","44E0FC2452578F014D1443E6763A66A04D40E00569B7C9AC7BBBCDC6A0179A22","44E0FC2452578F014D1443E6763A66A04D40E00569B7C9AC7BBBCDC6A0179A22","True"
"editor/src/messages/portfolio/document/resource/utility_types.rs","2830","D2D5FE1C22A22C32EA8645744C72083465A2911A4A440E0B34D5E2B27F77696D","D2D5FE1C22A22C32EA8645744C72083465A2911A4A440E0B34D5E2B27F77696D","True"
"editor/src/messages/portfolio/document/storage_tests/metadata_tests.rs","15206","BABE7AA435ACF9DCE796906B40034CD3A8D70ED009B4BD3A74EA94E09DA7D817","BABE7AA435ACF9DCE796906B40034CD3A8D70ED009B4BD3A74EA94E09DA7D817","True"
"editor/src/messages/portfolio/document/storage_tests/mod.rs","393","E83F48388B457EEAF388D893340DB89F1DE41F8A7768F47933CC8DD2165A2DB1","E83F48388B457EEAF388D893340DB89F1DE41F8A7768F47933CC8DD2165A2DB1","True"
"editor/src/messages/portfolio/document/storage_tests/round_trip_tests.rs","52655","932C34BCE73115A3235AE05E3170C1C880DD9BCDF6890F910223EAC7B2404CDA","932C34BCE73115A3235AE05E3170C1C880DD9BCDF6890F910223EAC7B2404CDA","True"
"editor/src/messages/portfolio/document/storage_tests/test_support.rs","4534","FAF9A8859A76ACF8F95805766A975537677D5FC723FA83C2F9EB4375395CB800","FAF9A8859A76ACF8F95805766A975537677D5FC723FA83C2F9EB4375395CB800","True"
"editor/src/messages/portfolio/document/utility_types/document_metadata.rs","26956","BCF9C1C3512A1257519E059A3AA189039606CA0AA1114783F85AFFD7A4DC81D7","BCF9C1C3512A1257519E059A3AA189039606CA0AA1114783F85AFFD7A4DC81D7","True"
"editor/src/messages/portfolio/document/utility_types/error.rs","846","7DEB49D9AD891E23AE623984DE73D40E5CA636A9235BC974893F73E966A8BDA5","7DEB49D9AD891E23AE623984DE73D40E5CA636A9235BC974893F73E966A8BDA5","True"
"editor/src/messages/portfolio/document/utility_types/misc.rs","21811","8D0042EB3A12713A08939450CF6CAB6F65B74B47BBE738A63A337502A6894CF2","8D0042EB3A12713A08939450CF6CAB6F65B74B47BBE738A63A337502A6894CF2","True"
"editor/src/messages/portfolio/document/utility_types/mod.rs","159","82DC0C06A321CC9E8E0385E127D6E66BA5324891B018EC0EA98CD3231C4091CB","82DC0C06A321CC9E8E0385E127D6E66BA5324891B018EC0EA98CD3231C4091CB","True"
"editor/src/messages/portfolio/document/utility_types/network_interface.rs","6181","502DD08B5AB8FF1AE39BD4122088E8A35039675411FE52B97E374B5E5949ADBF","502DD08B5AB8FF1AE39BD4122088E8A35039675411FE52B97E374B5E5949ADBF","True"
"editor/src/messages/portfolio/document/utility_types/network_interface/caches.rs","55750","C2314830D7FB996E034DEBD458300F2331815A8079EAAFCD4F62ADEE4DE767A8","C2314830D7FB996E034DEBD458300F2331815A8079EAAFCD4F62ADEE4DE767A8","True"
"editor/src/messages/portfolio/document/utility_types/network_interface/characterization_tests.rs","19998","14ED8132C5E8BD0D6693F545FEAC2EE0AC8EB3853B07876EBE2025D012BEEC4A","14ED8132C5E8BD0D6693F545FEAC2EE0AC8EB3853B07876EBE2025D012BEEC4A","True"
"editor/src/messages/portfolio/document/utility_types/network_interface/deserialization.rs","7050","12172BFE3B231F6D2AF2897A4A6CCC0D22133784A446CD65D283E4D5B80EB62E","12172BFE3B231F6D2AF2897A4A6CCC0D22133784A446CD65D283E4D5B80EB62E","True"
"editor/src/messages/portfolio/document/utility_types/network_interface/hit_tests.rs","16208","0B94B41FC6B6DA17D716621950933757BF1715B8EE9F3E1CAB530FEF21D0571E","0B94B41FC6B6DA17D716621950933757BF1715B8EE9F3E1CAB530FEF21D0571E","True"
"editor/src/messages/portfolio/document/utility_types/network_interface/layout.rs","49917","DFC8222F94BBF9DEDA437AC5C2C80F952573D5D27DE3B0014156D22857992B81","DFC8222F94BBF9DEDA437AC5C2C80F952573D5D27DE3B0014156D22857992B81","True"
"editor/src/messages/portfolio/document/utility_types/network_interface/memo_network.rs","1246","2F0F5FF5A73FDB30F842CC5EA477E2BE2658422F18E14A9C75914577803C9F22","2F0F5FF5A73FDB30F842CC5EA477E2BE2658422F18E14A9C75914577803C9F22","True"
"editor/src/messages/portfolio/document/utility_types/network_interface/mutations.rs","71156","74298D6581BF1E3C1BD25F04F11E9895492622E66820AEFD5A544BA2B0F3BB99","74298D6581BF1E3C1BD25F04F11E9895492622E66820AEFD5A544BA2B0F3BB99","True"
"editor/src/messages/portfolio/document/utility_types/network_interface/queries.rs","55267","A64F8A1579FED1B2954F2A54073D15F7C9C3804E858B25C272DACB3E3BA172E1","A64F8A1579FED1B2954F2A54073D15F7C9C3804E858B25C272DACB3E3BA172E1","True"
"editor/src/messages/portfolio/document/utility_types/network_interface/resolved_types.rs","18441","5502569C750404D9648FD59E1DE422AB2DB54F551BA1F05AAF92AC47FDDF35E4","5502569C750404D9648FD59E1DE422AB2DB54F551BA1F05AAF92AC47FDDF35E4","True"
"editor/src/messages/portfolio/document/utility_types/network_interface/storage_metadata.rs","17647","CA768C9B211A46D81EEE88E27488F1A9B2CCC880CB2C6B7B91F26D85156CFE96","CA768C9B211A46D81EEE88E27488F1A9B2CCC880CB2C6B7B91F26D85156CFE96","True"
"editor/src/messages/portfolio/document/utility_types/network_interface/structure.rs","9208","9439204412F6BFA7D3ED25E5A90E6D6E2F3C7250D742512E75A27E88FC17C403","9439204412F6BFA7D3ED25E5A90E6D6E2F3C7250D742512E75A27E88FC17C403","True"
"editor/src/messages/portfolio/document/utility_types/network_interface/template.rs","11801","B29EDAE48D1B39E9CE94369593E06F4C1878DE1EBF4F98076902E5A21900209C","B29EDAE48D1B39E9CE94369593E06F4C1878DE1EBF4F98076902E5A21900209C","True"
"editor/src/messages/portfolio/document/utility_types/network_interface/types.rs","32948","F459478F0BD963ACE0381C38D1E8C54303118BC133CEE8B4CE2F536DFD101A4C","F459478F0BD963ACE0381C38D1E8C54303118BC133CEE8B4CE2F536DFD101A4C","True"
"editor/src/messages/portfolio/document/utility_types/network_interface/validation.rs","4499","F320ADF099D456103F0F61C98B88E55E87834E1A6973EF3D5614C7911FEC539C","F320ADF099D456103F0F61C98B88E55E87834E1A6973EF3D5614C7911FEC539C","True"
"editor/src/messages/portfolio/document/utility_types/network_interface/view.rs","15953","149C398AF2B38E40403C67BD105FA7DA24327FDC151D2737140F4A48D34D67B3","149C398AF2B38E40403C67BD105FA7DA24327FDC151D2737140F4A48D34D67B3","True"
"editor/src/messages/portfolio/document/utility_types/nodes.rs","6830","DF84BA9FA2D95241F9ECAF0129DD190FCA0E24E5590D888A32990717792B722A","DF84BA9FA2D95241F9ECAF0129DD190FCA0E24E5590D888A32990717792B722A","True"
"editor/src/messages/portfolio/document/utility_types/text_metrics.rs","511","D67745446AA32AFD503E04C605DF0CA7FCCED8BD9A746EBD568BCF6A54FBA085","D67745446AA32AFD503E04C605DF0CA7FCCED8BD9A746EBD568BCF6A54FBA085","True"
"editor/src/messages/portfolio/document/utility_types/transformation.rs","26831","3C7E838F456CFCF7A6FE2B7F1D0C4FFDFFFF6A6B886D64408C62C53CE73A80F2","3C7E838F456CFCF7A6FE2B7F1D0C4FFDFFFF6A6B886D64408C62C53CE73A80F2","True"
"editor/src/messages/portfolio/document/utility_types/wires.rs","20034","FEF71D1887438CC8C4203097183C31590691362C665894632FF29939006EEC0A","FEF71D1887438CC8C4203097183C31590691362C665894632FF29939006EEC0A","True"
"editor/src/messages/portfolio/document_migration.rs","145898","1920EE5034F4E721B8F637DA6C4C79A68267B24D173A81019BF46C529FB450B0","1920EE5034F4E721B8F637DA6C4C79A68267B24D173A81019BF46C529FB450B0","True"
"editor/src/messages/portfolio/document_storage_io.rs","10395","11EE192C33311B907D9D1FF99F540DEBE55BEF974682E028BB4D0E0F2566490F","11EE192C33311B907D9D1FF99F540DEBE55BEF974682E028BB4D0E0F2566490F","True"
"editor/src/messages/portfolio/fonts/fallback.rs","310","84133A81BC185C57A57340AFCE103734A819E8E0E104D8D245E6D73A3CDF994E","84133A81BC185C57A57340AFCE103734A819E8E0E104D8D245E6D73A3CDF994E","True"
"editor/src/messages/portfolio/fonts/fonts_message.rs","624","88A090255F034A2B0CB0999AC04D16F0E039379EBC562A72C6921ECCB8030973","88A090255F034A2B0CB0999AC04D16F0E039379EBC562A72C6921ECCB8030973","True"
"editor/src/messages/portfolio/fonts/fonts_message_handler.rs","3830","86A8D1CE1DA7650EC2A33E67A58F6C6DA8174FF1E03575B1899597A34A2643D8","86A8D1CE1DA7650EC2A33E67A58F6C6DA8174FF1E03575B1899597A34A2643D8","True"
"editor/src/messages/portfolio/fonts/mod.rs","312","AAF9DDF042FAEF09F98D5412B4549D79B3CE59FB229FF15546CF4B698EFFD1F2","AAF9DDF042FAEF09F98D5412B4549D79B3CE59FB229FF15546CF4B698EFFD1F2","True"
"editor/src/messages/portfolio/fonts/utility_types.rs","5205","0420076A349CB3D9B51A91198D89AEE4AC5C9E07C7D3167192587D82338C9E56","0420076A349CB3D9B51A91198D89AEE4AC5C9E07C7D3167192587D82338C9E56","True"
"editor/src/messages/portfolio/mod.rs","606","DAD4E282DF08791C23950973B8C1CF02DB8A49F11B2117758A6418BB20427C9B","DAD4E282DF08791C23950973B8C1CF02DB8A49F11B2117758A6418BB20427C9B","True"
"editor/src/messages/portfolio/persistent_state/mod.rs","301","B110FE815CA4401E2859E5A7A6D939EC4AE8C4E957CC2C52996D24674A587F3C","B110FE815CA4401E2859E5A7A6D939EC4AE8C4E957CC2C52996D24674A587F3C","True"
"editor/src/messages/portfolio/persistent_state/persistent_state_message.rs","699","7F26C9C87B68FB78B2716C51857BD18A4E767A648A7FC0140379CA7BB00DC879","7F26C9C87B68FB78B2716C51857BD18A4E767A648A7FC0140379CA7BB00DC879","True"
"editor/src/messages/portfolio/persistent_state/persistent_state_message_handler.rs","2173","47E347F5A0EDC85330239489E7907073D306261165CAD73A86537F62FABBCF96","47E347F5A0EDC85330239489E7907073D306261165CAD73A86537F62FABBCF96","True"
"editor/src/messages/portfolio/portfolio_message.rs","6594","2297684853BB153CD752406A0F16380F4B91C66DAE556338742FDF2369750D5F","2297684853BB153CD752406A0F16380F4B91C66DAE556338742FDF2369750D5F","True"
"editor/src/messages/portfolio/portfolio_message_handler.rs","85127","0FA68A44672FE2F6F1DFE1F388948BBE1366C1EB3B5C502DD21575D3AAF68EF6","0FA68A44672FE2F6F1DFE1F388948BBE1366C1EB3B5C502DD21575D3AAF68EF6","True"
"editor/src/messages/portfolio/utility_types.rs","31329","14040843EECC01908C3D779C3C94BC3BFC0D1047A5883E3317C09019894816C8","14040843EECC01908C3D779C3C94BC3BFC0D1047A5883E3317C09019894816C8","True"
"editor/src/messages/preferences/mod.rs","316","7D6E7CE7B818C0081083830EE667FDB41FBA021B3C1B19F6662B1D5CE232FAE1","7D6E7CE7B818C0081083830EE667FDB41FBA021B3C1B19F6662B1D5CE232FAE1","True"
"editor/src/messages/preferences/preferences_message.rs","956","242EF8DE21F3A6BA5244E6AE6652672A4A19A3B749623DA9D1067B5A7C6A63F6","242EF8DE21F3A6BA5244E6AE6652672A4A19A3B749623DA9D1067B5A7C6A63F6","True"
"editor/src/messages/preferences/preferences_message_handler.rs","5712","850C1BEBE39162EE61113AE56EAD4D29A234524FED520EBB5E88B5CB00531DCA","850C1BEBE39162EE61113AE56EAD4D29A234524FED520EBB5E88B5CB00531DCA","True"
"editor/src/messages/preferences/utility_types.rs","943","1996680B4C1978E251A08BAB7E01C94F0A0BAFCDFE50AFFA8CCF03FD12375DDF","1996680B4C1978E251A08BAB7E01C94F0A0BAFCDFE50AFFA8CCF03FD12375DDF","True"
"editor/src/messages/prelude.rs","7409","E62C939958958E66CC7E1E8C5EB9FDEF6747021538CEFA2BF44935D5CFD9B417","E62C939958958E66CC7E1E8C5EB9FDEF6747021538CEFA2BF44935D5CFD9B417","True"
"editor/src/messages/resource_storage/mod.rs","318","971E555C6C2DD78414AECE61F3D490BFF9FC2716A88C6F7FD938A5DD8A6E793B","971E555C6C2DD78414AECE61F3D490BFF9FC2716A88C6F7FD938A5DD8A6E793B","True"
"editor/src/messages/resource_storage/resource_storage_message.rs","337","43DA20AF1C58EB98769833A60A81A35BBCB811421379A82799BCBD8B135D60DF","43DA20AF1C58EB98769833A60A81A35BBCB811421379A82799BCBD8B135D60DF","True"
"editor/src/messages/resource_storage/resource_storage_message_handler.rs","2500","0C02167B2F2D6712A2131D479DBAB51132E76AD8203E5CC80F763DD74089A0E9","0C02167B2F2D6712A2131D479DBAB51132E76AD8203E5CC80F763DD74089A0E9","True"
"editor/src/messages/tool/common_functionality/auto_panning.rs","3199","06DDB62D215E84192CDF21160DFC23382297BE1345915ED84DBC7EEF511798D7","06DDB62D215E84192CDF21160DFC23382297BE1345915ED84DBC7EEF511798D7","True"
"editor/src/messages/tool/common_functionality/color_selector.rs","27009","A594CA5DD8421B9E447C1C5C791C0A2548DB677CBECA33DDE8CC673D62FC1088","A594CA5DD8421B9E447C1C5C791C0A2548DB677CBECA33DDE8CC673D62FC1088","True"
"editor/src/messages/tool/common_functionality/compass_rose.rs","3512","C3016BC7B2959322767E0A188D9CC8F89BF3EAB201C4F938655F16CFFF2A014A","C3016BC7B2959322767E0A188D9CC8F89BF3EAB201C4F938655F16CFFF2A014A","True"
"editor/src/messages/tool/common_functionality/gizmos/gizmo_manager.rs","13672","7D9246D5EB5EAC1442AD6C52993E52500D52CEFEFA2A8E0430B83DADFB22013F","7D9246D5EB5EAC1442AD6C52993E52500D52CEFEFA2A8E0430B83DADFB22013F","True"
"editor/src/messages/tool/common_functionality/gizmos/mod.rs","45","1B50CD7E9C793B0AFBBD3ED75E177FF7B198E0D9F6C34FDA20437D00D14D0435","1B50CD7E9C793B0AFBBD3ED75E177FF7B198E0D9F6C34FDA20437D00D14D0435","True"
"editor/src/messages/tool/common_functionality/gizmos/shape_gizmos/circle_arc_radius_handle.rs","8468","BA88B8E55004EC7AB995101C824DDC6A22FC663E8646441E87539104D60748EF","BA88B8E55004EC7AB995101C824DDC6A22FC663E8646441E87539104D60748EF","True"
"editor/src/messages/tool/common_functionality/gizmos/shape_gizmos/grid_rows_columns_gizmo.rs","16936","770F59CCB422A215ECF1600C797CDD4251ECE769A1C7FF7D417E078784D07E00","770F59CCB422A215ECF1600C797CDD4251ECE769A1C7FF7D417E078784D07E00","True"
"editor/src/messages/tool/common_functionality/gizmos/shape_gizmos/mod.rs","183","0DF79CB4A1B8C14B373FB843B0966B57B9A75A2B5E16631693B28569B15BE049","0DF79CB4A1B8C14B373FB843B0966B57B9A75A2B5E16631693B28569B15BE049","True"
"editor/src/messages/tool/common_functionality/gizmos/shape_gizmos/number_of_points_dial.rs","9263","50AFB82DEB1563066BE0CC33E1F9204A8357165B1F40792624398B6AEC167BC0","50AFB82DEB1563066BE0CC33E1F9204A8357165B1F40792624398B6AEC167BC0","True"
"editor/src/messages/tool/common_functionality/gizmos/shape_gizmos/point_radius_handle.rs","20291","1071B1661DCD645E1840D7C0A1667512BB2A15A376AB49B35EADF87538683A0A","1071B1661DCD645E1840D7C0A1667512BB2A15A376AB49B35EADF87538683A0A","True"
"editor/src/messages/tool/common_functionality/gizmos/shape_gizmos/spiral_turns_handle.rs","8740","104500899467D1F9D32108B856DDE6419A50BBDC7078BB88672486CCB25813A8","104500899467D1F9D32108B856DDE6419A50BBDC7078BB88672486CCB25813A8","True"
"editor/src/messages/tool/common_functionality/gizmos/shape_gizmos/sweep_angle_gizmo.rs","14402","65CAE671860B12721BD5B2937D766FA40D774B2BB0F085235164D45F49A97DC8","65CAE671860B12721BD5B2937D766FA40D774B2BB0F085235164D45F49A97DC8","True"
"editor/src/messages/tool/common_functionality/graph_modification_utils.rs","55819","47AA9D6A49206B1461263D40025DCC08D98F96E999A91669B6E8BA7468D32864","47AA9D6A49206B1461263D40025DCC08D98F96E999A91669B6E8BA7468D32864","True"
"editor/src/messages/tool/common_functionality/layer_origin_cross.rs","2269","B7242A62E79460FB70520AFB763FEE040B14CCAAD289BAC6CEDBEFC3201D87E2","B7242A62E79460FB70520AFB763FEE040B14CCAAD289BAC6CEDBEFC3201D87E2","True"
"editor/src/messages/tool/common_functionality/measure.rs","30700","B7A4F461F32A0F14678A4A6699239CCA277C33F587D01FC9BA48E0734B913F9D","B7A4F461F32A0F14678A4A6699239CCA277C33F587D01FC9BA48E0734B913F9D","True"
"editor/src/messages/tool/common_functionality/mod.rs","330","3E0003915668765A163F36D16F5040E8110F66FB8AEE35FBFB8FF1EC75EE600A","3E0003915668765A163F36D16F5040E8110F66FB8AEE35FBFB8FF1EC75EE600A","True"
"editor/src/messages/tool/common_functionality/pivot.rs","11089","1E311DB20E70421323E4A643ADFE109A40D617583A6228C938501F64EA7A5A20","1E311DB20E70421323E4A643ADFE109A40D617583A6228C938501F64EA7A5A20","True"
"editor/src/messages/tool/common_functionality/resize.rs","10426","051BF9F53EE1BD9CED8A2396315CF0656DB078BD67081190C82E27724CADDF39","051BF9F53EE1BD9CED8A2396315CF0656DB078BD67081190C82E27724CADDF39","True"
"editor/src/messages/tool/common_functionality/shape_editor.rs","94553","BD512F8B0B465820F76A7018F20EF300FA473F1A37A9214CDCE14E7B28DF5921","BD512F8B0B465820F76A7018F20EF300FA473F1A37A9214CDCE14E7B28DF5921","True"
"editor/src/messages/tool/common_functionality/shapes/arc_shape.rs","7072","5B91E09206B50F3292D9EEA1AB028549E6056AAA02544816754D157C967B4B65","5B91E09206B50F3292D9EEA1AB028549E6056AAA02544816754D157C967B4B65","True"
"editor/src/messages/tool/common_functionality/shapes/arrow_shape.rs","5112","2958F753EA9FE04851379223D31CC117B7A9976D67EB0E0149284DAF0BC27587","2958F753EA9FE04851379223D31CC117B7A9976D67EB0E0149284DAF0BC27587","True"
"editor/src/messages/tool/common_functionality/shapes/circle_shape.rs","4487","BD9D7692672B0D337DF1557172ACB46F494CFE6F2FD3C8746D41EBFF7C2C3EFC","BD9D7692672B0D337DF1557172ACB46F494CFE6F2FD3C8746D41EBFF7C2C3EFC","True"
"editor/src/messages/tool/common_functionality/shapes/ellipse_shape.rs","6173","5A97A579AD10F537BE69EFB2F35C1FD52F6BE4DF55B5D84B90D80536D88F8705","5A97A579AD10F537BE69EFB2F35C1FD52F6BE4DF55B5D84B90D80536D88F8705","True"
"editor/src/messages/tool/common_functionality/shapes/grid_shape.rs","8942","35828A4F7C45D9E7422A8B96C2F8E1F294A3EBAE255B5F60CC3E4FC2E5BC61B2","35828A4F7C45D9E7422A8B96C2F8E1F294A3EBAE255B5F60CC3E4FC2E5BC61B2","True"
"editor/src/messages/tool/common_functionality/shapes/line_shape.rs","15321","35527A374D392D6A5B8FAFA54B790B30A63C38C225248DBB46302BE0AFF6C6C0","35527A374D392D6A5B8FAFA54B790B30A63C38C225248DBB46302BE0AFF6C6C0","True"
"editor/src/messages/tool/common_functionality/shapes/mod.rs","575","0B41DCE9F4C4EDE2FDCE837DDBBACAD00A7618FCD220318525857F3139673C7A","0B41DCE9F4C4EDE2FDCE837DDBBACAD00A7618FCD220318525857F3139673C7A","True"
"editor/src/messages/tool/common_functionality/shapes/polygon_shape.rs","7824","FF17AB80ADAEAB7639F98CBCD3951D2ECB432B00E4E07B1111E639B9B442BC49","FF17AB80ADAEAB7639F98CBCD3951D2ECB432B00E4E07B1111E639B9B442BC49","True"
"editor/src/messages/tool/common_functionality/shapes/rectangle_shape.rs","2226","16926E328F9A87C94C71ED49BBF6DB0897FFC7549F4FDD22406D019084F42806","16926E328F9A87C94C71ED49BBF6DB0897FFC7549F4FDD22406D019084F42806","True"
"editor/src/messages/tool/common_functionality/shapes/shape_utility.rs","28012","075AB0038B0EC9B360F5F61DB9315700F452D3BC3BED06E3AFBFC37100F784C9","075AB0038B0EC9B360F5F61DB9315700F452D3BC3BED06E3AFBFC37100F784C9","True"
"editor/src/messages/tool/common_functionality/shapes/spiral_shape.rs","7799","69F76979A74C8DBA8119E078AE86F4E75380A7779F5FC00F33F46DF9372F3F01","69F76979A74C8DBA8119E078AE86F4E75380A7779F5FC00F33F46DF9372F3F01","True"
"editor/src/messages/tool/common_functionality/shapes/star_shape.rs","6460","31FB724C1814AD69E5BDB6603C668DC9539D592BD94FC19CD9E1D03B0E5940D7","31FB724C1814AD69E5BDB6603C668DC9539D592BD94FC19CD9E1D03B0E5940D7","True"
"editor/src/messages/tool/common_functionality/snapping.rs","21488","9D9FBFAFD40CC50260784CD21BCD51382746673416EC8AE2FD9FED89FE87CF60","9D9FBFAFD40CC50260784CD21BCD51382746673416EC8AE2FD9FED89FE87CF60","True"
"editor/src/messages/tool/common_functionality/snapping/alignment_snapper.rs","8560","A97191D430BF569C975C6C9B5ADD712CFE092953C4A5F4D4CB0AAF5F233F2903","A97191D430BF569C975C6C9B5ADD712CFE092953C4A5F4D4CB0AAF5F233F2903","True"
"editor/src/messages/tool/common_functionality/snapping/distribution_snapper.rs","29757","45110691552B2986FAEC69011118849A500A0E499A1FF33DBBC7D3E47D43C0D9","45110691552B2986FAEC69011118849A500A0E499A1FF33DBBC7D3E47D43C0D9","True"
"editor/src/messages/tool/common_functionality/snapping/grid_snapper.rs","6650","03FD8A23B154E6C06590993A07B20FDAEE7EF7FD266D2CCB9E8356A9082BB858","03FD8A23B154E6C06590993A07B20FDAEE7EF7FD266D2CCB9E8356A9082BB858","True"
"editor/src/messages/tool/common_functionality/snapping/layer_snapper.rs","25805","8F94FB7654844A764F3929C9A3EC01A0465F297D7C846B539D037DF550D13979","8F94FB7654844A764F3929C9A3EC01A0465F297D7C846B539D037DF550D13979","True"
"editor/src/messages/tool/common_functionality/snapping/snap_results.rs","4881","862513916F315F306EA070A1897F6334E72BBB764C806D6EB4E46A8B20080990","862513916F315F306EA070A1897F6334E72BBB764C806D6EB4E46A8B20080990","True"
"editor/src/messages/tool/common_functionality/stroke_options.rs","10270","C84D170840B98B67A738856338DEB62B791E355B7B6E103C1FCE434AA22F633E","C84D170840B98B67A738856338DEB62B791E355B7B6E103C1FCE434AA22F633E","True"
"editor/src/messages/tool/common_functionality/transformation_cage.rs","34261","2D07E7B02CEEAC23D9DA91BA354CD1F0D544A7E60509F36B76942FF11D005D57","2D07E7B02CEEAC23D9DA91BA354CD1F0D544A7E60509F36B76942FF11D005D57","True"
"editor/src/messages/tool/common_functionality/utility_functions.rs","24973","07E395B805CF6730D33B4143058DA70C2024F2AD562897AA4E060951F3A46AEC","07E395B805CF6730D33B4143058DA70C2024F2AD562897AA4E060951F3A46AEC","True"
"editor/src/messages/tool/mod.rs","411","4940D36044BFD74E856724F03255E4D765254073B9D86EA283EAFA77329F2C6D","4940D36044BFD74E856724F03255E4D765254073B9D86EA283EAFA77329F2C6D","True"
"editor/src/messages/tool/tool_message.rs","1892","13278F366B6EA6D60D1B2E985764972B516ECB5855EE2738E3CCB7C945DB767B","13278F366B6EA6D60D1B2E985764972B516ECB5855EE2738E3CCB7C945DB767B","True"
"editor/src/messages/tool/tool_message_handler.rs","15359","156694688B96C6443089088F41629EDD383B5B5C22D0FB4F4CD1D50E57AF3129","156694688B96C6443089088F41629EDD383B5B5C22D0FB4F4CD1D50E57AF3129","True"
"editor/src/messages/tool/tool_messages/artboard_tool.rs","30813","DFFE847CC4E3038BE2D1D9363744F99F044D65ED161E6982AA43862B799D69B0","DFFE847CC4E3038BE2D1D9363744F99F044D65ED161E6982AA43862B799D69B0","True"
"editor/src/messages/tool/tool_messages/brush_tool.rs","16159","2E5A5A417EF19E74BE0F4189C62CC47FA8F0E9D7BF06B4F419EC175A3C065966","2E5A5A417EF19E74BE0F4189C62CC47FA8F0E9D7BF06B4F419EC175A3C065966","True"
"editor/src/messages/tool/tool_messages/eyedropper_tool.rs","7944","3EBF68CB22B4206EDB25C2A0D9C6FC7188B1E858DECDF93EC623C6D2360768D2","3EBF68CB22B4206EDB25C2A0D9C6FC7188B1E858DECDF93EC623C6D2360768D2","True"
"editor/src/messages/tool/tool_messages/fill_tool.rs","25523","B659C322E811A3B5E22B00D6B38F458EA338806B8D1FA05AC344A46B3CE37462","B659C322E811A3B5E22B00D6B38F458EA338806B8D1FA05AC344A46B3CE37462","True"
"editor/src/messages/tool/tool_messages/freehand_tool.rs","28291","791169B32566EB3A65882F8FC93400DE1D632FD2E1C2E455A42F653CEC61D41E","791169B32566EB3A65882F8FC93400DE1D632FD2E1C2E455A42F653CEC61D41E","True"
"editor/src/messages/tool/tool_messages/gradient_tool.rs","135023","350678CAEED8772DDCF8C0B1E0772010D3DDCDB2E8F5D6C317B505FBF98FCF6F","350678CAEED8772DDCF8C0B1E0772010D3DDCDB2E8F5D6C317B505FBF98FCF6F","True"
"editor/src/messages/tool/tool_messages/mod.rs","818","0F67855245B741F03D6D5D581342EE80C809A884B99F51D19A326F2288B8FBA7","0F67855245B741F03D6D5D581342EE80C809A884B99F51D19A326F2288B8FBA7","True"
"editor/src/messages/tool/tool_messages/navigate_tool.rs","5853","C128ADEE685BFDED0742B983E1A73F1A56772121F252E4AF18B9D03B3C909F02","C128ADEE685BFDED0742B983E1A73F1A56772121F252E4AF18B9D03B3C909F02","True"
"editor/src/messages/tool/tool_messages/path_tool.rs","142102","0537A66AC778B3187AAADB84DDFD30E3393E47D8D904B4F51F52E5AA15347526","0537A66AC778B3187AAADB84DDFD30E3393E47D8D904B4F51F52E5AA15347526","True"
"editor/src/messages/tool/tool_messages/pen_tool.rs","95014","F26757BE57640354A2DE52CD858DD9E008E653CFF640AF70B49B8C22662C7301","F26757BE57640354A2DE52CD858DD9E008E653CFF640AF70B49B8C22662C7301","True"
"editor/src/messages/tool/tool_messages/select_tool.rs","86521","CB04A20794F490065649227EBF8CBEEE46C83E1687F8BBC9C55B13FC4876DF34","CB04A20794F490065649227EBF8CBEEE46C83E1687F8BBC9C55B13FC4876DF34","True"
"editor/src/messages/tool/tool_messages/shape_tool.rs","61606","FEFE3A87D8824759CCE341A7FAD004C520305E217DB4AD26168C0D032745EA89","FEFE3A87D8824759CCE341A7FAD004C520305E217DB4AD26168C0D032745EA89","True"
"editor/src/messages/tool/tool_messages/spline_tool.rs","37616","558C59C42EDDE387468DEEDD5ABE35021AFB5E725669C3C49CCCB4750EA49FBF","558C59C42EDDE387468DEEDD5ABE35021AFB5E725669C3C49CCCB4750EA49FBF","True"
"editor/src/messages/tool/tool_messages/text_tool.rs","44676","5CAA0750757DEA593974C523A52A39858E2007D523E89B8B421342AD10D311FA","5CAA0750757DEA593974C523A52A39858E2007D523E89B8B421342AD10D311FA","True"
"editor/src/messages/tool/transform_layer/mod.rs","623","FF531B1B94FCADCD67FCAA23E5E1CC8BB96600B8C2F3BC8D68B32EB191EF5DD0","FF531B1B94FCADCD67FCAA23E5E1CC8BB96600B8C2F3BC8D68B32EB191EF5DD0","True"
"editor/src/messages/tool/transform_layer/transform_layer_message.rs","1163","0532AAF6F662B7ABE53D3D47A5E9391C584A3B3258AC87863883C89E340D55D7","0532AAF6F662B7ABE53D3D47A5E9391C584A3B3258AC87863883C89E340D55D7","True"
"editor/src/messages/tool/transform_layer/transform_layer_message_handler.rs","56731","A08EC606B33AFBB97F26E5A761F014062BEFD3B5AFF9520E1A441CFBF6B1ED9A","A08EC606B33AFBB97F26E5A761F014062BEFD3B5AFF9520E1A441CFBF6B1ED9A","True"
"editor/src/messages/tool/utility_types.rs","26300","09343B6378C990F288047EDF92D50F0916B6C2C3F9880FA11A026390853C3E88","09343B6378C990F288047EDF92D50F0916B6C2C3F9880FA11A026390853C3E88","True"
"editor/src/messages/viewport/mod.rs","194","AA4FDACE9876CA78844ACFD6D5588B3D510EA3D08B4B15165B57881273A4377F","AA4FDACE9876CA78844ACFD6D5588B3D510EA3D08B4B15165B57881273A4377F","True"
"editor/src/messages/viewport/viewport_message.rs","256","064F8A1C0BE11D9738E1CA7A234A14D102E9E847BF5DC2349C3692900579DEEE","064F8A1C0BE11D9738E1CA7A234A14D102E9E847BF5DC2349C3692900579DEEE","True"
"editor/src/messages/viewport/viewport_message_handler.rs","14751","E2F07CB2E3FAF3A96491D9AEF172F07A39D1CCFDA787E92B62BBEE29A2D9B6AD","E2F07CB2E3FAF3A96491D9AEF172F07A39D1CCFDA787E92B62BBEE29A2D9B6AD","True"
"editor/src/node_graph_executor.rs","41542","C87DA6C632AE5A2D9FA8685BBD4F8A6FC394F9C663B4CAC568EF05759A778F0B","C87DA6C632AE5A2D9FA8685BBD4F8A6FC394F9C663B4CAC568EF05759A778F0B","True"
"editor/src/node_graph_executor/runtime.rs","29393","982C1E63D763430D9233F6FC559FDDBBD420F6EDD31501EDD97E29BFEEA8A9FE","982C1E63D763430D9233F6FC559FDDBBD420F6EDD31501EDD97E29BFEEA8A9FE","True"
"editor/src/node_graph_executor/runtime_io.rs","1187","36710B69756CABFADE0CC2654353435479E5BD9C23FB5CDDF35AC4013395434C","36710B69756CABFADE0CC2654353435479E5BD9C23FB5CDDF35AC4013395434C","True"
"editor/src/test_utils.rs","13151","FBFDFCBBFF451C30E98146CF4E68E578B48C7B46AA1B7B1827E85AB2F56E5922","FBFDFCBBFF451C30E98146CF4E68E578B48C7B46AA1B7B1827E85AB2F56E5922","True"
"editor/src/utility_traits.rs","2028","50986D0160B7742B33C826D641E2DCC78BDB3E7A9BFE6A97CF30FB5240D6D589","50986D0160B7742B33C826D641E2DCC78BDB3E7A9BFE6A97CF30FB5240D6D589","True"
"editor/src/utility_types.rs","2327","F32B12EE6FAB6D2E6697B891BA1C47E83646A03D83046D1ADBA4AF74D71B0132","F32B12EE6FAB6D2E6697B891BA1C47E83646A03D83046D1ADBA4AF74D71B0132","True"
"flake.lock","1536","8705CF1C6B0B996ADA063365D396EB9D6CAF8C51827F3D947224F45F5A0CB033","8705CF1C6B0B996ADA063365D396EB9D6CAF8C51827F3D947224F45F5A0CB033","True"
"flake.nix","868","ACBF6B13B09C44DD01BFFB2B824AD47FD263160A5EC3CF06E366C0DAD5DDDB88","ACBF6B13B09C44DD01BFFB2B824AD47FD263160A5EC3CF06E366C0DAD5DDDB88","True"
"frontend/.gitignore","67","4F931C70677445BB2DB840D3F36772390D60EEA96302744ABFCEDAE352F3E6F6","4F931C70677445BB2DB840D3F36772390D60EEA96302744ABFCEDAE352F3E6F6","True"
"frontend/.prettierrc","232","B6E88ADA1AE7AAA9766CF9ACBE2A2E049F488DEF1A1C98A850D1CBE4D53CD1AD","B6E88ADA1AE7AAA9766CF9ACBE2A2E049F488DEF1A1C98A850D1CBE4D53CD1AD","True"
"frontend/assets/thumbnail-changing-seasons.png","23137","3BA36AB8B289184B433AC04592C10B68F0999F363278130F852035B0824548F4","3BA36AB8B289184B433AC04592C10B68F0999F363278130F852035B0824548F4","True"
"frontend/assets/thumbnail-isometric-fountain.png","16236","66E1CD641C799232EFCA629EEFA48FB58CF4F200A0378835470B486C4A36AD72","66E1CD641C799232EFCA629EEFA48FB58CF4F200A0378835470B486C4A36AD72","True"
"frontend/assets/thumbnail-painted-dreams.png","8567","3A7D783EAD2FA207F534191AB7BBB9BEFFB7967269C5AE9DBD0D81D8C26B9862","3A7D783EAD2FA207F534191AB7BBB9BEFFB7967269C5AE9DBD0D81D8C26B9862","True"
"frontend/assets/thumbnail-parametric-dunescape.png","6843","8D1C7A27EF8A571796A72832C2C99479B9233264DEE270E801222B4E47AA2116","8D1C7A27EF8A571796A72832C2C99479B9233264DEE270E801222B4E47AA2116","True"
"frontend/assets/thumbnail-procedural-string-lights.png","8271","02216E1872382938BA3C8D70053DCF9F20D3F8EE8E7FD6EBFC824BA641CE3C4B","02216E1872382938BA3C8D70053DCF9F20D3F8EE8E7FD6EBFC824BA641CE3C4B","True"
"frontend/assets/thumbnail-red-dress.png","17464","8A6B620D132FD80505FC4D4958A4567BBD165E0533059D00BEB3AB7511F09948","8A6B620D132FD80505FC4D4958A4567BBD165E0533059D00BEB3AB7511F09948","True"
"frontend/assets/thumbnail-valley-of-spires.png","13709","B4EB7A140A507A1CF912468584DC9C6AB5BF4F09A596B53453F3054392DC0262","B4EB7A140A507A1CF912468584DC9C6AB5BF4F09A596B53453F3054392DC0262","True"
"frontend/eslint.config.js","4940","7A12E022C27419BF5C7B30DE386B8341A260AB055CE1CE01A2639B4444FFF67C","7A12E022C27419BF5C7B30DE386B8341A260AB055CE1CE01A2639B4444FFF67C","True"
"frontend/index.html","2188","2DF11AFB3658718B421D96046C7119ECE5C305D564B0BEF895289895682D2BA1","2DF11AFB3658718B421D96046C7119ECE5C305D564B0BEF895289895682D2BA1","True"
"frontend/package.json","1466","E1EAA32DA3BAFEB4DCE29EE9055B53161A0C70358DD4281CF5B36AD838D5C848","E1EAA32DA3BAFEB4DCE29EE9055B53161A0C70358DD4281CF5B36AD838D5C848","True"
"frontend/package-lock.json","205304","1C6C390247395107DAAC2F1DC9EC800D2674B7824068124A3582A20FB4CA746F","1C6C390247395107DAAC2F1DC9EC800D2674B7824068124A3582A20FB4CA746F","True"
"frontend/README.md","4406","83331B30A0E3979D292CA34E6867CF5300C73DB12BDED208B6BCF5887C135245","83331B30A0E3979D292CA34E6867CF5300C73DB12BDED208B6BCF5887C135245","True"
"frontend/src/App.svelte","1617","BBB1069DB614ABA1A1C869E82A69CC998C8382BA1C64F2CC0B0DB7291E06A615","BBB1069DB614ABA1A1C869E82A69CC998C8382BA1C64F2CC0B0DB7291E06A615","True"
"frontend/src/components/Editor.svelte","14429","89656CED0908BAB2BDE8850099C04E8E5CD2B3BD5D770AE5390E5A3A7178A6B7","89656CED0908BAB2BDE8850099C04E8E5CD2B3BD5D770AE5390E5A3A7178A6B7","True"
"frontend/src/components/floating-menus/ColorPicker.svelte","4242","7DA5324FEF2B5B906D2FA57E29CAE10097529C05A107DFF4B78593F1DE20D7AC","7DA5324FEF2B5B906D2FA57E29CAE10097529C05A107DFF4B78593F1DE20D7AC","True"
"frontend/src/components/floating-menus/Dialog.svelte","4993","2A8A1968E8515594662BD51667E95A119DD123D6CA69FFE89376015CB8AD8A60","2A8A1968E8515594662BD51667E95A119DD123D6CA69FFE89376015CB8AD8A60","True"
"frontend/src/components/floating-menus/EyedropperPreview.svelte","3852","D6E6F6AEEA0EEA06917CBBC8C5214DDAA13E31CF6E56AE6E2D45E332EFC012B3","D6E6F6AEEA0EEA06917CBBC8C5214DDAA13E31CF6E56AE6E2D45E332EFC012B3","True"
"frontend/src/components/floating-menus/MenuList.svelte","22880","40AA73CBA02AA6ADB0740081EE74F530C4C6E7FD354A40EA466E30E41634DEB0","40AA73CBA02AA6ADB0740081EE74F530C4C6E7FD354A40EA466E30E41634DEB0","True"
"frontend/src/components/floating-menus/NodeCatalog.svelte","5669","AF3A2521AFD4C55F7A693965D7D0D0C05C6F8E0AA082AE3EEB92CD58ACFD18C0","AF3A2521AFD4C55F7A693965D7D0D0C05C6F8E0AA082AE3EEB92CD58ACFD18C0","True"
"frontend/src/components/floating-menus/Tooltip.svelte","3171","5B2BEA7F594C55A24BF15E5949763A3FFBDBC2E0159233B33E48980C2D2DCE47","5B2BEA7F594C55A24BF15E5949763A3FFBDBC2E0159233B33E48980C2D2DCE47","True"
"frontend/src/components/layout/ConditionalWrapper.svelte","209","D6236C0D23365700ED0EBA1DBF1C29297B25EDFC9E9CB1280311F38A9B04D1DC","D6236C0D23365700ED0EBA1DBF1C29297B25EDFC9E9CB1280311F38A9B04D1DC","True"
"frontend/src/components/layout/FloatingMenu.svelte","30120","589CD9320618645FF7489B0F7F22830078B7BDD029E9B787CDF8E6773979A492","589CD9320618645FF7489B0F7F22830078B7BDD029E9B787CDF8E6773979A492","True"
"frontend/src/components/layout/LayoutCol.svelte","2506","E6E2CF0078116CF24E7DEF2F74EBB2A263D7A48C5F3B724CCD991284E20FF3F1","E6E2CF0078116CF24E7DEF2F74EBB2A263D7A48C5F3B724CCD991284E20FF3F1","True"
"frontend/src/components/layout/LayoutRow.svelte","2504","0FCF4524DD247CEA14B52F06A9667EFD0D59C0B6DFED0C453587FCC9F4C77288","0FCF4524DD247CEA14B52F06A9667EFD0D59C0B6DFED0C453587FCC9F4C77288","True"
"frontend/src/components/panels/Data.svelte","982","76B5D16C541994FC1C4A8B5E0810FDD378CB220DDD3CC85ED2EDD6ED26E3D3A0","76B5D16C541994FC1C4A8B5E0810FDD378CB220DDD3CC85ED2EDD6ED26E3D3A0","True"
"frontend/src/components/panels/Document.svelte","38839","AEC4DAB3BF6063096DF2BA5572D014C24A2E3C3D8890CA8EFB121A44F785D816","AEC4DAB3BF6063096DF2BA5572D014C24A2E3C3D8890CA8EFB121A44F785D816","True"
"frontend/src/components/panels/Layers.svelte","31252","3AAF608626A3B8215DCF47729BD6FA39EA9BCDD281815CAD075CCC18533CAFE3","3AAF608626A3B8215DCF47729BD6FA39EA9BCDD281815CAD075CCC18533CAFE3","True"
"frontend/src/components/panels/Properties.svelte","7520","724FE94F6D0B2B6B632BA76AFB8C20440154C6FECB5361D04E567D9052C18D17","724FE94F6D0B2B6B632BA76AFB8C20440154C6FECB5361D04E567D9052C18D17","True"
"frontend/src/components/panels/Welcome.svelte","2875","4509D7225C7D96560F1A41B8C5A588B4F0F054674629376417BC13E0A5B65B26","4509D7225C7D96560F1A41B8C5A588B4F0F054674629376417BC13E0A5B65B26","True"
"frontend/src/components/README.md","1973","D6491F1DF610938ABEB4525749CF6346D74CC2BBA54F27C88BEED06F7ADA695D","D6491F1DF610938ABEB4525749CF6346D74CC2BBA54F27C88BEED06F7ADA695D","True"
"frontend/src/components/views/Graph.svelte","52257","66E9791927B714FE2BEA1BAB2E80C2104F4788577D7AB6CE8F638E6AE131FA5D","66E9791927B714FE2BEA1BAB2E80C2104F4788577D7AB6CE8F638E6AE131FA5D","True"
"frontend/src/components/widgets/buttons/BreadcrumbTrailButtons.svelte","2216","727D7E2D58E31541496229FF4073AC513DC90E913FA868D5D0AC7F3B00C3D8BB","727D7E2D58E31541496229FF4073AC513DC90E913FA868D5D0AC7F3B00C3D8BB","True"
"frontend/src/components/widgets/buttons/IconButton.svelte","3343","D349E4E532BD93D79CD17CD28FACB38AADCBF4C7E563C476A60A9E283565C9D2","D349E4E532BD93D79CD17CD28FACB38AADCBF4C7E563C476A60A9E283565C9D2","True"
"frontend/src/components/widgets/buttons/ImageButton.svelte","1300","4A70EF213BC0DFFC931F3D267ADC0D031BD851C97BE4986326619E0D08CDB814","4A70EF213BC0DFFC931F3D267ADC0D031BD851C97BE4986326619E0D08CDB814","True"
"frontend/src/components/widgets/buttons/ParameterExposeButton.svelte","2613","C10EFE0ACD47CD64862DA4CF402D48310F71CDFAB20D9F1B051840AF73CEB27A","C10EFE0ACD47CD64862DA4CF402D48310F71CDFAB20D9F1B051840AF73CEB27A","True"
"frontend/src/components/widgets/buttons/PopoverButton.svelte","3188","D3CC27C0CE279524CA6B5C45F79F7D8C453864F47A3CFEF4063A9C554EAF1D60","D3CC27C0CE279524CA6B5C45F79F7D8C453864F47A3CFEF4063A9C554EAF1D60","True"
"frontend/src/components/widgets/buttons/TextButton.svelte","5836","F12F6002AE4B57D8982E298C9178685318BD0085165EA5AE239945C46894D5B9","F12F6002AE4B57D8982E298C9178685318BD0085165EA5AE239945C46894D5B9","True"
"frontend/src/components/widgets/inputs/CheckboxInput.svelte","4566","B4960471332CAE15D403D159B18DA600A527BCF860A3266B113D8B76192A460D","B4960471332CAE15D403D159B18DA600A527BCF860A3266B113D8B76192A460D","True"
"frontend/src/components/widgets/inputs/ColorComparisonInput.svelte","4452","6D3868CBB77E927E06DB84DA8FA298FCAF4520324EA9999444BD6AC68D7BB5BA","6D3868CBB77E927E06DB84DA8FA298FCAF4520324EA9999444BD6AC68D7BB5BA","True"
"frontend/src/components/widgets/inputs/ColorInput.svelte","5156","9519C3780FEA673D2EAEA0E26D17FAABE6DAB8D70B119B395429496E7F3626CD","9519C3780FEA673D2EAEA0E26D17FAABE6DAB8D70B119B395429496E7F3626CD","True"
"frontend/src/components/widgets/inputs/ColorPresetsInput.svelte","4962","092FE2C439D2193ABF360826F1134D5B048352BC56E3A447C1729649725B4478","092FE2C439D2193ABF360826F1134D5B048352BC56E3A447C1729649725B4478","True"
"frontend/src/components/widgets/inputs/DropdownInput.svelte","6223","22DA6568FA28F2FDAA71266E92BEFCD94E6E4EFC1261297FCF3036CEAF933449","22DA6568FA28F2FDAA71266E92BEFCD94E6E4EFC1261297FCF3036CEAF933449","True"
"frontend/src/components/widgets/inputs/FieldInput.svelte","5491","7430953571AED5A31E5E094DB6875590F62D5966A13D06D5FE9CF663DC65EDF5","7430953571AED5A31E5E094DB6875590F62D5966A13D06D5FE9CF663DC65EDF5","True"
"frontend/src/components/widgets/inputs/NumberInput.svelte","46150","B103464DA9C81B8DDD962420F304D6B8AE16799333C9CDCADAE56A7B2CF230FB","B103464DA9C81B8DDD962420F304D6B8AE16799333C9CDCADAE56A7B2CF230FB","True"
"frontend/src/components/widgets/inputs/RadioInput.svelte","3448","FABBC90DF3C5ACA54A2518BF43EE4819C524D0BB636DE4B66B5114311A792A4E","FABBC90DF3C5ACA54A2518BF43EE4819C524D0BB636DE4B66B5114311A792A4E","True"
"frontend/src/components/widgets/inputs/ReferencePointInput.svelte","3867","6D5549523529BBD4F167D96F1BB01753C098AF922AB087D444FEC7FAE7CDD935","6D5549523529BBD4F167D96F1BB01753C098AF922AB087D444FEC7FAE7CDD935","True"
"frontend/src/components/widgets/inputs/RulerInput.svelte","11085","3D3B6796D8B68136FB91B6FD69816989DD017FD4624A3FD581DD94F1C02495BA","3D3B6796D8B68136FB91B6FD69816989DD017FD4624A3FD581DD94F1C02495BA","True"
"frontend/src/components/widgets/inputs/ScrollbarInput.svelte","8462","DAF59C95460E653F630EE62E58C28C7327A7D6703DA05EFE7A265EFAF29E7C7E","DAF59C95460E653F630EE62E58C28C7327A7D6703DA05EFE7A265EFAF29E7C7E","True"
"frontend/src/components/widgets/inputs/SpectrumInput.svelte","18447","6F918BBD3C28C2EA60D0D72BE6B8A8AFCE48603B50119FC25F7C2164341677FF","6F918BBD3C28C2EA60D0D72BE6B8A8AFCE48603B50119FC25F7C2164341677FF","True"
"frontend/src/components/widgets/inputs/TextAreaInput.svelte","1895","F1CE0FF43704C33C43A7446B6FE6FBC53393A51095BF95984CB4C701C55C6547","F1CE0FF43704C33C43A7446B6FE6FBC53393A51095BF95984CB4C701C55C6547","True"
"frontend/src/components/widgets/inputs/TextInput.svelte","2992","372C69343D998DD6179D2132F797DFD411634711C57074E39102D7BFBF17BFC7","372C69343D998DD6179D2132F797DFD411634711C57074E39102D7BFBF17BFC7","True"
"frontend/src/components/widgets/inputs/VisualColorPickersInput.svelte","12359","E659BC3666B4C4CEDCBF1FBEEB2C0EC33D6FE225C143333817E9C564215BF3B1","E659BC3666B4C4CEDCBF1FBEEB2C0EC33D6FE225C143333817E9C564215BF3B1","True"
"frontend/src/components/widgets/inputs/WorkingColorsInput.svelte","3953","55A498A87D45920EDF7F9ECE03D08830F083BEB1BA453ADDA0225C6F27018680","55A498A87D45920EDF7F9ECE03D08830F083BEB1BA453ADDA0225C6F27018680","True"
"frontend/src/components/widgets/labels/IconLabel.svelte","1694","B7763BA4479823DB5E85963269F26F33642771D740D11988FBA3F079F75792D5","B7763BA4479823DB5E85963269F26F33642771D740D11988FBA3F079F75792D5","True"
"frontend/src/components/widgets/labels/ImageLabel.svelte","1412","239D295B40784D909ED971741DBAA310999B513AEE89078F40E185854AF7DF29","239D295B40784D909ED971741DBAA310999B513AEE89078F40E185854AF7DF29","True"
"frontend/src/components/widgets/labels/Separator.svelte","1106","54074E4989BC298F6B0F01316F33084C4CD7D8F87C681C5FD4393D1EE475E2E0","54074E4989BC298F6B0F01316F33084C4CD7D8F87C681C5FD4393D1EE475E2E0","True"
"frontend/src/components/widgets/labels/ShortcutLabel.svelte","5725","84AF9716DACE2D631C21660F2083C5502950CCCC557BCD99834B70EED3B95F82","84AF9716DACE2D631C21660F2083C5502950CCCC557BCD99834B70EED3B95F82","True"
"frontend/src/components/widgets/labels/TextLabel.svelte","3736","4E44D82F27646387669D0C3CC4D35EFF806C22348BB84DFE4A0D262CAF833757","4E44D82F27646387669D0C3CC4D35EFF806C22348BB84DFE4A0D262CAF833757","True"
"frontend/src/components/widgets/WidgetLayout.svelte","1104","F5281831BA84E29D5AD963CB857766E5EFD531D2BF8BF52C8D3ED637C5774D47","F5281831BA84E29D5AD963CB857766E5EFD531D2BF8BF52C8D3ED637C5774D47","True"
"frontend/src/components/widgets/WidgetSection.svelte","5239","F94C0FCB6F0FC1BC88B88D6B8E083E6A68B392D8EDEC9637EB3DFD30281388F9","F94C0FCB6F0FC1BC88B88D6B8E083E6A68B392D8EDEC9637EB3DFD30281388F9","True"
"frontend/src/components/widgets/WidgetSpan.svelte","13811","0A76654C2EADFF1D6BC28DC65034310052369A997C71EDB578DA0E014D75FA24","0A76654C2EADFF1D6BC28DC65034310052369A997C71EDB578DA0E014D75FA24","True"
"frontend/src/components/widgets/WidgetTable.svelte","1092","22EDD1465D1DE6B4D7BD4DFF5C856AA5265D5CF4286605FE94FE22D01BDF1531","22EDD1465D1DE6B4D7BD4DFF5C856AA5265D5CF4286605FE94FE22D01BDF1531","True"
"frontend/src/components/window/MainWindow.svelte","2437","6664023076A7D7621070AD6BE78784BF225C2311E98D5F3E183515C63F046812","6664023076A7D7621070AD6BE78784BF225C2311E98D5F3E183515C63F046812","True"
"frontend/src/components/window/Panel.svelte","22937","111537AE1FD8A32E85899F1427DE17C20582002E3714EC66CB4D9C2578DEA02E","111537AE1FD8A32E85899F1427DE17C20582002E3714EC66CB4D9C2578DEA02E","True"
"frontend/src/components/window/PanelSubdivision.svelte","11493","8C77676F9FE3FD58E006C42D11D3ED37C4A0DB713F518ED8730CF8CBACBDDDDC","8C77676F9FE3FD58E006C42D11D3ED37C4A0DB713F518ED8730CF8CBACBDDDDC","True"
"frontend/src/components/window/StatusBar.svelte","2481","48B5453B11CB0945A37287949929F3039174D7B0D0831191CFC0F77407C3B9E1","48B5453B11CB0945A37287949929F3039174D7B0D0831191CFC0F77407C3B9E1","True"
"frontend/src/components/window/TitleBar.svelte","5697","B48C591E70A515275E439D3EF6D9BCAA4D6F5E5AF68F2B097CAC682ADC6506EA","B48C591E70A515275E439D3EF6D9BCAA4D6F5E5AF68F2B097CAC682ADC6506EA","True"
"frontend/src/global.d.ts","1697","3F4D2B4CC1B9A83AA4410F87F50C789127E8F886ED5A92EACD2E68091F4A5C8E","3F4D2B4CC1B9A83AA4410F87F50C789127E8F886ED5A92EACD2E68091F4A5C8E","True"
"frontend/src/icons.ts","31801","0F5B5D05811E56316479DF16CDFFD2B8FB42D3CD9A6FEE5AAD77432577048640","0F5B5D05811E56316479DF16CDFFD2B8FB42D3CD9A6FEE5AAD77432577048640","True"
"frontend/src/main.ts","738","AF88B92EC5066B78DF92C8A9539C53EF3089D7680A4E3A878E268F842C66DD92","AF88B92EC5066B78DF92C8A9539C53EF3089D7680A4E3A878E268F842C66DD92","True"
"frontend/src/managers/clipboard.ts","1601","91A851C1ADB4540B4EEE9F84D131BF5CE46B6086EC40D6EC72FCA4F7F11CF529","91A851C1ADB4540B4EEE9F84D131BF5CE46B6086EC40D6EC72FCA4F7F11CF529","True"
"frontend/src/managers/drag-toggle.ts","5244","102F483EE683DA373248B7B49A5B04B9A2443DFD410EC4C9A2FB329E6368FE12","102F483EE683DA373248B7B49A5B04B9A2443DFD410EC4C9A2FB329E6368FE12","True"
"frontend/src/managers/hyperlink.ts","822","27EB4FDA942C9E1FACA8D0846C6DF92970061A8114610E092DE4FC28928AFB9E","27EB4FDA942C9E1FACA8D0846C6DF92970061A8114610E092DE4FC28928AFB9E","True"
"frontend/src/managers/input.ts","5465","F98FF03DBF3990B2AE8620624978140E662381650AEA2D49CC4F2B07DF9EF87A","F98FF03DBF3990B2AE8620624978140E662381650AEA2D49CC4F2B07DF9EF87A","True"
"frontend/src/managers/localization.ts","1256","BC298EF2288BCFDDE2A88A8C91CACA8BA06D11FD67F836AE82935BCDF36AC2DF","BC298EF2288BCFDDE2A88A8C91CACA8BA06D11FD67F836AE82935BCDF36AC2DF","True"
"frontend/src/managers/panic.ts","1259","F06A8CEFC36D4585DA2552DBD442BC971C7D1C351EC888F38F733D4657FF1D81","F06A8CEFC36D4585DA2552DBD442BC971C7D1C351EC888F38F733D4657FF1D81","True"
"frontend/src/managers/persistence.ts","3019","4EABDE1EBAED96B0863FD0AC0C33D0A0117733F883223B64E891204516903794","4EABDE1EBAED96B0863FD0AC0C33D0A0117733F883223B64E891204516903794","True"
"frontend/src/README.md","4889","7C4C1DCE91B4BFDBCA54508060EBF8179997E94EDC0504C90B3B6D9222CBAB2F","7C4C1DCE91B4BFDBCA54508060EBF8179997E94EDC0504C90B3B6D9222CBAB2F","True"
"frontend/src/service-worker.js","6555","8AB638626571E4D28D802285E18A677346DC43A84A162C7646060AE1C04F4729","8AB638626571E4D28D802285E18A677346DC43A84A162C7646060AE1C04F4729","True"
"frontend/src/stores/app-window.ts","2385","F1DD75D83B49C4673A433A924B8EA46C6A5F45F728E4A710E5A9588293F9E522","F1DD75D83B49C4673A433A924B8EA46C6A5F45F728E4A710E5A9588293F9E522","True"
"frontend/src/stores/color-picker.ts","4174","94A09801913647A46769E84A380B01AE1DA5FC82D784171A74D89886EF148AAD","94A09801913647A46769E84A380B01AE1DA5FC82D784171A74D89886EF148AAD","True"
"frontend/src/stores/dialog.ts","4078","F2DD04D27E00568BA2F125348B372E10F738C406E8513F12EEF812D0B3B0CF87","F2DD04D27E00568BA2F125348B372E10F738C406E8513F12EEF812D0B3B0CF87","True"
"frontend/src/stores/document.ts","3207","E9D0D15CAEEC222C69BB9F435779238EB0B26C13134EAB59A63E48ED83957094","E9D0D15CAEEC222C69BB9F435779238EB0B26C13134EAB59A63E48ED83957094","True"
"frontend/src/stores/fullscreen.ts","2101","ED640917BE98FA27457233E5DF92EA1D5581AE138CE9812A13E302E47770E07F","ED640917BE98FA27457233E5DF92EA1D5581AE138CE9812A13E302E47770E07F","True"
"frontend/src/stores/node-graph.ts","8936","A055E4B014E32B9970ADE7B1663EB5A897DC97F8A6780469B733F9C8382067B9","A055E4B014E32B9970ADE7B1663EB5A897DC97F8A6780469B733F9C8382067B9","True"
"frontend/src/stores/panel-drag.ts","3148","4368815E87A622CA1A215D7F7E7FBC28229FAEEA218B136EB610282A915548E2","4368815E87A622CA1A215D7F7E7FBC28229FAEEA218B136EB610282A915548E2","True"
"frontend/src/stores/portfolio.ts","8382","4F8A10C34016577E5CE4BBF44C5909664E40DF4D520238185A0A96D7AD221D92","4F8A10C34016577E5CE4BBF44C5909664E40DF4D520238185A0A96D7AD221D92","True"
"frontend/src/stores/tooltip.ts","5151","2E85F26DAA1A19C904A64AFE9D62BDE7A7E380FD39B157934BCD53FFD74D4E02","2E85F26DAA1A19C904A64AFE9D62BDE7A7E380FD39B157934BCD53FFD74D4E02","True"
"frontend/src/subscriptions-router.ts","4539","A81C05F97767117ADD8CCEACEF3C484F44819DB5F4A0DBEFEF8AB77A4C950B07","A81C05F97767117ADD8CCEACEF3C484F44819DB5F4A0DBEFEF8AB77A4C950B07","True"
"frontend/src/utility-functions/clipboard.ts","6237","243C34AA131B494DA6DDC391E2E913937700386492F4ADB99C033DA294AB39A4","243C34AA131B494DA6DDC391E2E913937700386492F4ADB99C033DA294AB39A4","True"
"frontend/src/utility-functions/colors.ts","6951","9992294734DF317C949B57CDBFCB0D37CD4590C3835A003E6E0E260EE1A9D56D","9992294734DF317C949B57CDBFCB0D37CD4590C3835A003E6E0E260EE1A9D56D","True"
"frontend/src/utility-functions/crash-report.ts","2008","805FD1ADE73ADCA327F789A50013929053C326DC7F8C205A467382B3E7EEAE5C","805FD1ADE73ADCA327F789A50013929053C326DC7F8C205A467382B3E7EEAE5C","True"
"frontend/src/utility-functions/escape.ts","350","D3ACD347F3763473101EEA76A978CB89C1578327D2D225FA120FF94E05716D12","D3ACD347F3763473101EEA76A978CB89C1578327D2D225FA120FF94E05716D12","True"
"frontend/src/utility-functions/files.ts","3934","7D76D9F6DFEE038F452E8E811D6E939F37A4BDFC7C3B862842DF562682C8657D","7D76D9F6DFEE038F452E8E811D6E939F37A4BDFC7C3B862842DF562682C8657D","True"
"frontend/src/utility-functions/images.ts","1329","FB0B74B79D94CFA7A3EB601E9A2BB1AD33FD1A5F02F2AC7E617A080BCBD3A56A","FB0B74B79D94CFA7A3EB601E9A2BB1AD33FD1A5F02F2AC7E617A080BCBD3A56A","True"
"frontend/src/utility-functions/input.ts","15389","29742432EB0063E4204450614225A4B04A9D289BF5362C9C3C56EC94506292AD","29742432EB0063E4204450614225A4B04A9D289BF5362C9C3C56EC94506292AD","True"
"frontend/src/utility-functions/keyboard-entry.ts","28219","9F2CA0CFE22C65BD2D353C520B1393C931BA9417BDB7EA6B1FDDD7D90CF50895","9F2CA0CFE22C65BD2D353C520B1393C931BA9417BDB7EA6B1FDDD7D90CF50895","True"
"frontend/src/utility-functions/network.ts","2425","541DFB9DD7A14B1D93F00FEB46495DB5CB863148CAF26194DED9DC974692020A","541DFB9DD7A14B1D93F00FEB46495DB5CB863148CAF26194DED9DC974692020A","True"
"frontend/src/utility-functions/numbers.ts","858","0C8AE152FEABB615F5B130391553028C31C86C280CD80995BF5632A7ABF950F0","0C8AE152FEABB615F5B130391553028C31C86C280CD80995BF5632A7ABF950F0","True"
"frontend/src/utility-functions/panic-proxy.ts","1775","5A60AC96065917A6462208231EFBFB2587FC9FC4FF990F58513236CABA552847","5A60AC96065917A6462208231EFBFB2587FC9FC4FF990F58513236CABA552847","True"
"frontend/src/utility-functions/persistence.ts","9035","D69494359F5A211D75CF7AD26BD272263A5C579776FA436D38C66DA662BDA8CB","D69494359F5A211D75CF7AD26BD272263A5C579776FA436D38C66DA662BDA8CB","True"
"frontend/src/utility-functions/platform.ts","1207","6160EE8F8DEA0B901C918E9B70C6370116F3F7E99A998A81E0BE826467352ABA","6160EE8F8DEA0B901C918E9B70C6370116F3F7E99A998A81E0BE826467352ABA","True"
"frontend/src/utility-functions/rasterization.ts","4112","6BA1614C7D753FBEF4D7A1A298249892AFBFED2023975BAAED88D0895E1D969D","6BA1614C7D753FBEF4D7A1A298249892AFBFED2023975BAAED88D0895E1D969D","True"
"frontend/src/utility-functions/service-worker.ts","1468","DE037B7F2496C36C7F3474CCD96CEB983940CB84C090A11C58FD7DEEF9AFC008","DE037B7F2496C36C7F3474CCD96CEB983940CB84C090A11C58FD7DEEF9AFC008","True"
"frontend/src/utility-functions/strip-indents.ts","744","4E0BA9485553EC311BA3293BC12BAC6D58ED358589350FBBDB989C7808635FC3","4E0BA9485553EC311BA3293BC12BAC6D58ED358589350FBBDB989C7808635FC3","True"
"frontend/src/utility-functions/time.ts","804","470A68D0AA398BA81D7295AA1571F74358C09D6AE2F18629E6326B7C40D1CA69","470A68D0AA398BA81D7295AA1571F74358C09D6AE2F18629E6326B7C40D1CA69","True"
"frontend/src/utility-functions/viewports.ts","2416","638CDB1B741607283BE8C6C693E42F67E0F65A3377BE328DB992E576D331848C","638CDB1B741607283BE8C6C693E42F67E0F65A3377BE328DB992E576D331848C","True"
"frontend/src/utility-functions/wasm-loader.ts","1432","AF8A3EDB986282B7D55D1584C4E99533B1E0D0519DD2F462C9A7538805C54E37","AF8A3EDB986282B7D55D1584C4E99533B1E0D0519DD2F462C9A7538805C54E37","True"
"frontend/src/utility-functions/widgets.ts","2974","D52C2C7DCC29A10448818FD32701B63641B44D4090E00C3C5516386F93E81E76","D52C2C7DCC29A10448818FD32701B63641B44D4090E00C3C5516386F93E81E76","True"
"frontend/src/vite-env.d.ts","71","CC9C01AB82CD866D596B11028637A284C3CCA4B115D2AA5A02C31D2C59977FC1","CC9C01AB82CD866D596B11028637A284C3CCA4B115D2AA5A02C31D2C59977FC1","True"
"frontend/src/vite-env-override.d.ts","552","AC9B19F66EDF42E828416A209CD2C902FFDC8885969AF08DDB8B0C24D1A159C7","AC9B19F66EDF42E828416A209CD2C902FFDC8885969AF08DDB8B0C24D1A159C7","True"
"frontend/svelte.config.js","321","76B6C0AC4A20CE6FF8DCD87CB24A2273E5271A0F79934ED4E0D2792647E277BA","76B6C0AC4A20CE6FF8DCD87CB24A2273E5271A0F79934ED4E0D2792647E277BA","True"
"frontend/tsconfig.json","351","2300DC97D21B6F37B07EB1EC2AF1ADBFA947A80D6A0501A3C2AF15C8A6AF9598","2300DC97D21B6F37B07EB1EC2AF1ADBFA947A80D6A0501A3C2AF15C8A6AF9598","True"
"frontend/vite.config.ts","11106","94EC9C37ADB955C40FBA7C85E3A1E90BA44F72F2C594E1662E4F6B43CC66BEB4","94EC9C37ADB955C40FBA7C85E3A1E90BA44F72F2C594E1662E4F6B43CC66BEB4","True"
"frontend/wrapper/Cargo.toml","1559","23E132E936625475265112063A93E801A65187AFB555517C189CCD99F4571799","23E132E936625475265112063A93E801A65187AFB555517C189CCD99F4571799","True"
"frontend/wrapper/README.md","981","993FFE8CE7585F063B327664DB7C42E95C9658ECF767D1E4466A92FDBC05CDEB","993FFE8CE7585F063B327664DB7C42E95C9658ECF767D1E4466A92FDBC05CDEB","True"
"frontend/wrapper/src/editor_commands.rs","24715","F9D29FEF609D1907D14B4BD978039DA64763070D72683262C32FECB98EDCFAA6","F9D29FEF609D1907D14B4BD978039DA64763070D72683262C32FECB98EDCFAA6","True"
"frontend/wrapper/src/editor_wrapper.rs","9924","1D14BD39A8BC55BAF5BBAAEB6004F29C5D6B9078AE2A7B875FDEF0268CA010AC","1D14BD39A8BC55BAF5BBAAEB6004F29C5D6B9078AE2A7B875FDEF0268CA010AC","True"
"frontend/wrapper/src/helpers.rs","10747","8EB1F7FD968FC075851D5AECDD9B73D29F775B3762BD242FF1B6658E85C87559","8EB1F7FD968FC075851D5AECDD9B73D29F775B3762BD242FF1B6658E85C87559","True"
"frontend/wrapper/src/lib.rs","8004","2EEF3640CC2A9AF9AFAEA8F8137D319D1B308E9EB0B85663DF5A23BD030A4E1D","2EEF3640CC2A9AF9AFAEA8F8137D319D1B308E9EB0B85663DF5A23BD030A4E1D","True"
"frontend/wrapper/src/native_communication.rs","4654","047E21BC9FFCEBE2ABC65DD62FB79B276651B0339FA60F46B84164D0274FAF05","047E21BC9FFCEBE2ABC65DD62FB79B276651B0339FA60F46B84164D0274FAF05","True"
"frontend/wrapper/src/wasm_value.rs","12817","3ED520C0B218178C6FAA02BADAD49FD35B1B22FF044287FE25D56339A6A3DB53","3ED520C0B218178C6FAA02BADAD49FD35B1B22FF044287FE25D56339A6A3DB53","True"
"libraries/dyn-any/Cargo.toml","1017","9C99E5871683E84A854B480AC67911959E9704AA90904FF4C144B82A3F8D17C1","9C99E5871683E84A854B480AC67911959E9704AA90904FF4C144B82A3F8D17C1","True"
"libraries/dyn-any/derive/Cargo.toml","603","DC81D651C09001D2B3029C9ED95DE9CE7E3AA2E1F4346C53C93AC1846210BE62","DC81D651C09001D2B3029C9ED95DE9CE7E3AA2E1F4346C53C93AC1846210BE62","True"
"libraries/dyn-any/derive/src/lib.rs","2003","BB1707794831B6D283B1AA49E7F43F477AE482B64913EA578B07C41B7254C18D","BB1707794831B6D283B1AA49E7F43F477AE482B64913EA578B07C41B7254C18D","True"
"libraries/dyn-any/LICENSE-APACHE","11357","C71D239DF91726FC519C6EB72D318EC65820627232B2F796219E87DCF35D0AB4","C71D239DF91726FC519C6EB72D318EC65820627232B2F796219E87DCF35D0AB4","True"
"libraries/dyn-any/LICENSE-MIT","1023","F9C4C77BAA3828004EE54B8A4F2DB2E88ED44A6237A493965BF551FAC0FCB62D","F9C4C77BAA3828004EE54B8A4F2DB2E88ED44A6237A493965BF551FAC0FCB62D","True"
"libraries/dyn-any/README.md","83","7E29117F5BEE7AE97FE2E21A459570C4766497F1B3B6218EC24F181A428C4C7F","7E29117F5BEE7AE97FE2E21A459570C4766497F1B3B6218EC24F181A428C4C7F","True"
"libraries/dyn-any/src/lib.rs","11240","D19A227D4B7BE73E0D89604BCF751582D158C1AC25FBE7C13BC07DFD41879338","D19A227D4B7BE73E0D89604BCF751582D158C1AC25FBE7C13BC07DFD41879338","True"
"libraries/math-parser/benches/bench.rs","2300","CC71A037FFD2122A15DD909B70591A863020CAF8A33A9C61C32DD95CF67F1E9D","CC71A037FFD2122A15DD909B70591A863020CAF8A33A9C61C32DD95CF67F1E9D","True"
"libraries/math-parser/Cargo.toml","464","4EAD7F6F70591C895DABD0A823D52A19CC4C5B7A4E38870A32674CB0ED9D2C06","4EAD7F6F70591C895DABD0A823D52A19CC4C5B7A4E38870A32674CB0ED9D2C06","True"
"libraries/math-parser/src/ast.rs","1738","CEA480EFAC3630E5EC44309CF997A811606877F031F7B81F59FA2A99B2451389","CEA480EFAC3630E5EC44309CF997A811606877F031F7B81F59FA2A99B2451389","True"
"libraries/math-parser/src/constants.rs","16611","D26801CC72824B334DC10B38B450B8430A59A4C9109628BC5A4821624EEBD893","D26801CC72824B334DC10B38B450B8430A59A4C9109628BC5A4821624EEBD893","True"
"libraries/math-parser/src/context.rs","1710","FCEFFA2D3CF1A571AD063005B9C82225EAAB968E6751CAB654213A32B7B8E17C","FCEFFA2D3CF1A571AD063005B9C82225EAAB968E6751CAB654213A32B7B8E17C","True"
"libraries/math-parser/src/executer.rs","5311","065150F903C6996A6CFF8CB5BB3FA9E295EE1B783776AD58645CD670E294CF8F","065150F903C6996A6CFF8CB5BB3FA9E295EE1B783776AD58645CD670E294CF8F","True"
"libraries/math-parser/src/lexer.rs","8355","F125953B3FDE686A8BDA9FE9D1F963193430C79541F53CAE3016BC29B48E3212","F125953B3FDE686A8BDA9FE9D1F963193430C79541F53CAE3016BC29B48E3212","True"
"libraries/math-parser/src/lib.rs","12571","DEA6CE8FF2319BD09142E8DD583DBD9E19C59A7CD3D03F5CA75AC6F876775B58","DEA6CE8FF2319BD09142E8DD583DBD9E19C59A7CD3D03F5CA75AC6F876775B58","True"
"libraries/math-parser/src/parser.rs","7984","18D3CC820DB3F18B0AED4E685B37B3CD1DFB99905D65AE9E6A59C396F931E5CC","18D3CC820DB3F18B0AED4E685B37B3CD1DFB99905D65AE9E6A59C396F931E5CC","True"
"libraries/math-parser/src/value.rs","5639","775ABA4EE0FAF3AE44C3BF25AF9B894A9AB1274394F37079EB2D428648DA6DAF","775ABA4EE0FAF3AE44C3BF25AF9B894A9AB1274394F37079EB2D428648DA6DAF","True"
"libraries/rawkit/.gitignore","38","7B229363832BF2BEC2D4E1168CF608FCC8AB9ECEAF32E912AF2B309AD086DCED","7B229363832BF2BEC2D4E1168CF608FCC8AB9ECEAF32E912AF2B309AD086DCED","True"
"libraries/rawkit/camera_data/Sony/DSLR-A100.toml","93","6B2C43DDE27067566B9B905030DDC4902F3946797138D738A86454818A4F0BFE","6B2C43DDE27067566B9B905030DDC4902F3946797138D738A86454818A4F0BFE","True"
"libraries/rawkit/camera_data/Sony/DSLR-A200.toml","93","5DFC3398943E59350FEF17FDBB130F5C580994AB44A3D7AA7891820A5B55E87D","5DFC3398943E59350FEF17FDBB130F5C580994AB44A3D7AA7891820A5B55E87D","True"
"libraries/rawkit/camera_data/Sony/DSLR-A300.toml","93","5DFC3398943E59350FEF17FDBB130F5C580994AB44A3D7AA7891820A5B55E87D","5DFC3398943E59350FEF17FDBB130F5C580994AB44A3D7AA7891820A5B55E87D","True"
"libraries/rawkit/camera_data/Sony/DSLR-A330.toml","93","5DFC3398943E59350FEF17FDBB130F5C580994AB44A3D7AA7891820A5B55E87D","5DFC3398943E59350FEF17FDBB130F5C580994AB44A3D7AA7891820A5B55E87D","True"
"libraries/rawkit/camera_data/Sony/DSLR-A350.toml","93","B15C0B005FAE8ADED8C381A49C455290B7921A6EE71A632616A74688B28ED076","B15C0B005FAE8ADED8C381A49C455290B7921A6EE71A632616A74688B28ED076","True"
"libraries/rawkit/camera_data/Sony/DSLR-A550.toml","93","C14C349DF2A7DBFC7B0821A157D52C77DDA916EEA6F32497CE4730657D22D3F3","C14C349DF2A7DBFC7B0821A157D52C77DDA916EEA6F32497CE4730657D22D3F3","True"
"libraries/rawkit/camera_data/Sony/DSLR-A700.toml","93","53A5C9DEDDBC1709D370B349247F1E1BB3713979BE82A6ED37BEA20811B72684","53A5C9DEDDBC1709D370B349247F1E1BB3713979BE82A6ED37BEA20811B72684","True"
"libraries/rawkit/camera_data/Sony/DSLR-A850.toml","93","444C29B718B369205FA9E48F0FA2B2978DFC527F31DD6BB1C906EC9DF962C856","444C29B718B369205FA9E48F0FA2B2978DFC527F31DD6BB1C906EC9DF962C856","True"
"libraries/rawkit/camera_data/Sony/DSLR-A900.toml","93","7FFEC8339498BAD653FF0CC3701F9A6B751E54A06AE315EB2C5519F8FE12ED3B","7FFEC8339498BAD653FF0CC3701F9A6B751E54A06AE315EB2C5519F8FE12ED3B","True"
"libraries/rawkit/camera_data/Sony/ILCA-68.toml","93","5BBBDACCD08694CC802382CD51BD54B1EF27332A1BBB01C443A0388E748D1CBE","5BBBDACCD08694CC802382CD51BD54B1EF27332A1BBB01C443A0388E748D1CBE","True"
"libraries/rawkit/camera_data/Sony/ILCA-99M2.toml","93","2F8171B54E44F61AC868A16EB9936DB93362A915E4AF8B4CE2B163662442EB48","2F8171B54E44F61AC868A16EB9936DB93362A915E4AF8B4CE2B163662442EB48","True"
"libraries/rawkit/camera_data/Sony/ILCE-1.toml","93","93BAF7C1342B252844B2F99664333309081DC021E29DC22BC0B922DF2CC1CFC5","93BAF7C1342B252844B2F99664333309081DC021E29DC22BC0B922DF2CC1CFC5","True"
"libraries/rawkit/camera_data/Sony/ILCE-5100.toml","93","7EBFEA918C9D4F3F17734B3C0519A13432572B250AED699B46FDF64EE0DFF5F4","7EBFEA918C9D4F3F17734B3C0519A13432572B250AED699B46FDF64EE0DFF5F4","True"
"libraries/rawkit/camera_data/Sony/ILCE-6000.toml","93","7EBFEA918C9D4F3F17734B3C0519A13432572B250AED699B46FDF64EE0DFF5F4","7EBFEA918C9D4F3F17734B3C0519A13432572B250AED699B46FDF64EE0DFF5F4","True"
"libraries/rawkit/camera_data/Sony/ILCE-6100.toml","93","3BC3D77DC4AD0444DD9D7AA19E8DF9296804047B2532445562F1662872C5C4A4","3BC3D77DC4AD0444DD9D7AA19E8DF9296804047B2532445562F1662872C5C4A4","True"
"libraries/rawkit/camera_data/Sony/ILCE-6300.toml","93","63A91E45FA0A8BAFA98460E3D962A4D9E1406D6EF91B81223D4D909BE376DB8C","63A91E45FA0A8BAFA98460E3D962A4D9E1406D6EF91B81223D4D909BE376DB8C","True"
"libraries/rawkit/camera_data/Sony/ILCE-6400.toml","93","3BC3D77DC4AD0444DD9D7AA19E8DF9296804047B2532445562F1662872C5C4A4","3BC3D77DC4AD0444DD9D7AA19E8DF9296804047B2532445562F1662872C5C4A4","True"
"libraries/rawkit/camera_data/Sony/ILCE-6500.toml","93","63A91E45FA0A8BAFA98460E3D962A4D9E1406D6EF91B81223D4D909BE376DB8C","63A91E45FA0A8BAFA98460E3D962A4D9E1406D6EF91B81223D4D909BE376DB8C","True"
"libraries/rawkit/camera_data/Sony/ILCE-6600.toml","93","3BC3D77DC4AD0444DD9D7AA19E8DF9296804047B2532445562F1662872C5C4A4","3BC3D77DC4AD0444DD9D7AA19E8DF9296804047B2532445562F1662872C5C4A4","True"
"libraries/rawkit/camera_data/Sony/ILCE-6700.toml","93","8A6F9670CC095A35C4090D859D9B1AE4BDCDC3AD5CCAAC327178740F59B4E81B","8A6F9670CC095A35C4090D859D9B1AE4BDCDC3AD5CCAAC327178740F59B4E81B","True"
"libraries/rawkit/camera_data/Sony/ILCE-7CM2.toml","93","0F99395FDA44A334C003D36575DD3650B3A6AFC84F84999A8A170E861963FE9D","0F99395FDA44A334C003D36575DD3650B3A6AFC84F84999A8A170E861963FE9D","True"
"libraries/rawkit/camera_data/Sony/ILCE-7CR.toml","93","C3ED312D68CD6A3C4E88B310EC7F6EEBC8D2A271D60D0D0713D02A5F3829E25C","C3ED312D68CD6A3C4E88B310EC7F6EEBC8D2A271D60D0D0713D02A5F3829E25C","True"
"libraries/rawkit/camera_data/Sony/ILCE-7M2.toml","93","85C8084723A0A8796CDB2D61008F942470F9B53F560B4A91456391A15F44748B","85C8084723A0A8796CDB2D61008F942470F9B53F560B4A91456391A15F44748B","True"
"libraries/rawkit/camera_data/Sony/ILCE-7M3.toml","93","B2D1AB506E2DB5741F12C62B9EF24DCE9AAD366BAF808AB32EDECA554F90968C","B2D1AB506E2DB5741F12C62B9EF24DCE9AAD366BAF808AB32EDECA554F90968C","True"
"libraries/rawkit/camera_data/Sony/ILCE-7RM3.toml","93","B198483DE6D8445DC6C00BFB828A704DAE67798E07D428262149219BEAF308FB","B198483DE6D8445DC6C00BFB828A704DAE67798E07D428262149219BEAF308FB","True"
"libraries/rawkit/camera_data/Sony/ILCE-7RM4.toml","93","D6A7F5D73E37E55C8B8FF7C1E49D8EE85FC34A8667EF30C8E5333E602239045B","D6A7F5D73E37E55C8B8FF7C1E49D8EE85FC34A8667EF30C8E5333E602239045B","True"
"libraries/rawkit/camera_data/Sony/ILCE-7RM5.toml","93","C3ED312D68CD6A3C4E88B310EC7F6EEBC8D2A271D60D0D0713D02A5F3829E25C","C3ED312D68CD6A3C4E88B310EC7F6EEBC8D2A271D60D0D0713D02A5F3829E25C","True"
"libraries/rawkit/camera_data/Sony/ILCE-7SM2.toml","93","E67228862E79C6D9A29DD9B56D6124FA310B6AA6ED03CC8905062B0FC204BEC4","E67228862E79C6D9A29DD9B56D6124FA310B6AA6ED03CC8905062B0FC204BEC4","True"
"libraries/rawkit/camera_data/Sony/ILCE-9.toml","93","513379D176295EB59632E90C99F4A44ABE7711DCE5DF09ED50899146F8DBEE2E","513379D176295EB59632E90C99F4A44ABE7711DCE5DF09ED50899146F8DBEE2E","True"
"libraries/rawkit/camera_data/Sony/ILCE-9M2.toml","93","513379D176295EB59632E90C99F4A44ABE7711DCE5DF09ED50899146F8DBEE2E","513379D176295EB59632E90C99F4A44ABE7711DCE5DF09ED50899146F8DBEE2E","True"
"libraries/rawkit/camera_data/Sony/ILCE-9M3.toml","93","3D8E76A48F6D7D27F0A389C5D7BC5C1A25B74E279595742666BE151BE5C9D8F5","3D8E76A48F6D7D27F0A389C5D7BC5C1A25B74E279595742666BE151BE5C9D8F5","True"
"libraries/rawkit/camera_data/Sony/NEX-3.toml","93","D7D902E60F4977899E86E596BEA464909FD296920DCAED7722DEB33B0E3E63CD","D7D902E60F4977899E86E596BEA464909FD296920DCAED7722DEB33B0E3E63CD","True"
"libraries/rawkit/camera_data/Sony/NEX-3N.toml","93","4EF012D0EE6A4956DFC213234BE570D278C709F6D0D85819603F2A566680BE1C","4EF012D0EE6A4956DFC213234BE570D278C709F6D0D85819603F2A566680BE1C","True"
"libraries/rawkit/camera_data/Sony/NEX-5R.toml","93","4EF012D0EE6A4956DFC213234BE570D278C709F6D0D85819603F2A566680BE1C","4EF012D0EE6A4956DFC213234BE570D278C709F6D0D85819603F2A566680BE1C","True"
"libraries/rawkit/camera_data/Sony/NEX-6.toml","93","4EF012D0EE6A4956DFC213234BE570D278C709F6D0D85819603F2A566680BE1C","4EF012D0EE6A4956DFC213234BE570D278C709F6D0D85819603F2A566680BE1C","True"
"libraries/rawkit/camera_data/Sony/NEX-7.toml","93","E65BFAF806B67A872CCC7392FEA139D1183D8D0F67FB58096D0A717448798D72","E65BFAF806B67A872CCC7392FEA139D1183D8D0F67FB58096D0A717448798D72","True"
"libraries/rawkit/camera_data/Sony/ZV-1.toml","93","EE781B2FAFE408ADB56F63E668030CE2974D0F5F0FDC946AF81B8CB75B4F35C8","EE781B2FAFE408ADB56F63E668030CE2974D0F5F0FDC946AF81B8CB75B4F35C8","True"
"libraries/rawkit/camera_data/Sony/ZV-1M2.toml","93","EE781B2FAFE408ADB56F63E668030CE2974D0F5F0FDC946AF81B8CB75B4F35C8","EE781B2FAFE408ADB56F63E668030CE2974D0F5F0FDC946AF81B8CB75B4F35C8","True"
"libraries/rawkit/camera_data/Sony/ZV-E1.toml","93","2D8581F7A522F2764DF15C0A622DA054B7663806F1C1DFD0BD03BB4484DAF6F7","2D8581F7A522F2764DF15C0A622DA054B7663806F1C1DFD0BD03BB4484DAF6F7","True"
"libraries/rawkit/camera_data/Sony/ZV-E10.toml","93","CE09181D4E0921B7D5A81B00DEDA3EF2300189DEA9DBB6C4685C41293050CD2A","CE09181D4E0921B7D5A81B00DEDA3EF2300189DEA9DBB6C4685C41293050CD2A","True"
"libraries/rawkit/Cargo.lock","69287","EE716DDA422321C54115548F52E9F9C2567C3A0AA7DA49AE446988D4D7A03295","EE716DDA422321C54115548F52E9F9C2567C3A0AA7DA49AE446988D4D7A03295","True"
"libraries/rawkit/Cargo.toml","1282","428073E97A7A38B762DA7ADBA65A866019ABBB6A07B17582E168631001310D49","428073E97A7A38B762DA7ADBA65A866019ABBB6A07B17582E168631001310D49","True"
"libraries/rawkit/LICENSE-APACHE","11357","C71D239DF91726FC519C6EB72D318EC65820627232B2F796219E87DCF35D0AB4","C71D239DF91726FC519C6EB72D318EC65820627232B2F796219E87DCF35D0AB4","True"
"libraries/rawkit/LICENSE-MIT","1023","F9C4C77BAA3828004EE54B8A4F2DB2E88ED44A6237A493965BF551FAC0FCB62D","F9C4C77BAA3828004EE54B8A4F2DB2E88ED44A6237A493965BF551FAC0FCB62D","True"
"libraries/rawkit/rawkit-proc-macros/Cargo.toml","684","832D5EE8EC2F784FAC1F7163893668EB14CA9A65FD82C90A5EA7CDB4AF9007E8","832D5EE8EC2F784FAC1F7163893668EB14CA9A65FD82C90A5EA7CDB4AF9007E8","True"
"libraries/rawkit/rawkit-proc-macros/LICENSE-APACHE","11357","C71D239DF91726FC519C6EB72D318EC65820627232B2F796219E87DCF35D0AB4","C71D239DF91726FC519C6EB72D318EC65820627232B2F796219E87DCF35D0AB4","True"
"libraries/rawkit/rawkit-proc-macros/LICENSE-MIT","1023","F9C4C77BAA3828004EE54B8A4F2DB2E88ED44A6237A493965BF551FAC0FCB62D","F9C4C77BAA3828004EE54B8A4F2DB2E88ED44A6237A493965BF551FAC0FCB62D","True"
"libraries/rawkit/rawkit-proc-macros/README.md","422","B677BE215537C81BB060CBF46E7E0C414E58D139BE9C3F91672DE6D909F9ED2A","B677BE215537C81BB060CBF46E7E0C414E58D139BE9C3F91672DE6D909F9ED2A","True"
"libraries/rawkit/rawkit-proc-macros/src/build_camera_data.rs","2865","DC128B8B5FCBD1AF6CF6D398658C89157B95A5D8BBC4CDF2398D2FD1271B99F1","DC128B8B5FCBD1AF6CF6D398658C89157B95A5D8BBC4CDF2398D2FD1271B99F1","True"
"libraries/rawkit/rawkit-proc-macros/src/lib.rs","325","4A0553B7ABC2DC0393929337095A898D10C34DC9152C803DFEDEFB90B9FB6E8C","4A0553B7ABC2DC0393929337095A898D10C34DC9152C803DFEDEFB90B9FB6E8C","True"
"libraries/rawkit/rawkit-proc-macros/src/tag_derive.rs","1213","2805313205EE6FD2868A84974899C489A83AEF3BE458F8FA9360ACB4C0071032","2805313205EE6FD2868A84974899C489A83AEF3BE458F8FA9360ACB4C0071032","True"
"libraries/rawkit/README.md","1851","7AA98455B9CAB4522EBAA87B1192CB87387BA6A3824E776632AE88FD09B891C3","7AA98455B9CAB4522EBAA87B1192CB87387BA6A3824E776632AE88FD09B891C3","True"
"libraries/rawkit/src/decoder/arw1.rs","3284","1857FABB4980789F26E74D012F90C70ADA14BA150013B05AF070D7526017E5DD","1857FABB4980789F26E74D012F90C70ADA14BA150013B05AF070D7526017E5DD","True"
"libraries/rawkit/src/decoder/arw2.rs","4195","D96A32828477DD1001E37E3E16759F6FD338BDE908912E14E66B194B510A492E","D96A32828477DD1001E37E3E16759F6FD338BDE908912E14E66B194B510A492E","True"
"libraries/rawkit/src/decoder/mod.rs","50","D2DF78438C4C1FC2965BF7944A8C168720A334072289F5665616D23C94C760DE","D2DF78438C4C1FC2965BF7944A8C168720A334072289F5665616D23C94C760DE","True"
"libraries/rawkit/src/decoder/uncompressed.rs","2393","83B00AE25B72BA12FDF792CF605D0D7B67D115A2F322142C5A7BA27CAC97F9E5","83B00AE25B72BA12FDF792CF605D0D7B67D115A2F322142C5A7BA27CAC97F9E5","True"
"libraries/rawkit/src/demosaicing/linear_demosaicing.rs","2342","10D4891F293291BEE2AA365224B9FB27060A3530CC32D5469D79E4CC3FA94550","10D4891F293291BEE2AA365224B9FB27060A3530CC32D5469D79E4CC3FA94550","True"
"libraries/rawkit/src/demosaicing/mod.rs","28","15D3D82A2B761457BEAB1C36AD6FFCF95C99C8CDE5358C8E348D5F693D1220F8","15D3D82A2B761457BEAB1C36AD6FFCF95C99C8CDE5358C8E348D5F693D1220F8","True"
"libraries/rawkit/src/lib.rs","9343","4CFD59724217C7443E824E88BC8BB4E1B98314BF5B8FADA1289FF71F891B0D1A","4CFD59724217C7443E824E88BC8BB4E1B98314BF5B8FADA1289FF71F891B0D1A","True"
"libraries/rawkit/src/metadata/camera_data.rs","2773","22D564575AA4CBD09F513175E587C40BCCFC2334F658C464E159B5CF9E7971F6","22D564575AA4CBD09F513175E587C40BCCFC2334F658C464E159B5CF9E7971F6","True"
"libraries/rawkit/src/metadata/identify.rs","1073","84E7ACE40D14CC123393EDDBCB43B955BC08E2B297556D3B4E87C6B2163BFEE0","84E7ACE40D14CC123393EDDBCB43B955BC08E2B297556D3B4E87C6B2163BFEE0","True"
"libraries/rawkit/src/metadata/mod.rs","39","14687E09775F47520F1E5FD522BA2DDACCC13F21CA1C12A75E57088AFCF56642","14687E09775F47520F1E5FD522BA2DDACCC13F21CA1C12A75E57088AFCF56642","True"
"libraries/rawkit/src/postprocessing/convert_to_rgb.rs","443","414168B46EA3320F48072B0478C47B5E40888FA14E670942C58B60CC5A6CFAD3","414168B46EA3320F48072B0478C47B5E40888FA14E670942C58B60CC5A6CFAD3","True"
"libraries/rawkit/src/postprocessing/gamma_correction.rs","2531","28EC69FE09D56E326A724F9BD005A830B58DECB006710C915AA94290DFCD4346","28EC69FE09D56E326A724F9BD005A830B58DECB006710C915AA94290DFCD4346","True"
"libraries/rawkit/src/postprocessing/mod.rs","95","8A80B4C744BA0DB354A58B2285B575F58863797207063104B70AC96575199DDA","8A80B4C744BA0DB354A58B2285B575F58863797207063104B70AC96575199DDA","True"
"libraries/rawkit/src/postprocessing/record_histogram.rs","645","8AE40AB72F0B36F1E701E5B8206AEE419BFB3E8BAC107D00A8247AA298484BEB","8AE40AB72F0B36F1E701E5B8206AEE419BFB3E8BAC107D00A8247AA298484BEB","True"
"libraries/rawkit/src/postprocessing/transform.rs","2072","9551156E4D27789C4E127DCF4A5A8E1AC79CA2F05716F546852153D3571C5B05","9551156E4D27789C4E127DCF4A5A8E1AC79CA2F05716F546852153D3571C5B05","True"
"libraries/rawkit/src/preprocessing/mod.rs","77","49358ECDCA86D8CC855C5B76278F00B51A252245D99C97C251986AE75012207D","49358ECDCA86D8CC855C5B76278F00B51A252245D99C97C251986AE75012207D","True"
"libraries/rawkit/src/preprocessing/scale_to_16bit.rs","523","B9F7F511A2CE56CFD37F656E5821DAF6F49CA3D876C3019E4CA0C870195C855E","B9F7F511A2CE56CFD37F656E5821DAF6F49CA3D876C3019E4CA0C870195C855E","True"
"libraries/rawkit/src/preprocessing/scale_white_balance.rs","909","423FD6246ED2E5EB8A8B2A0708E6C5F56541EA0058CF4B62A9F511DA6728F66D","423FD6246ED2E5EB8A8B2A0708E6C5F56541EA0058CF4B62A9F511DA6728F66D","True"
"libraries/rawkit/src/preprocessing/subtract_black.rs","344","2CADEB8B9D609A832650DE01A11435B21282D36C77A2E0B46A05CB90B1FFA7F7","2CADEB8B9D609A832650DE01A11435B21282D36C77A2E0B46A05CB90B1FFA7F7","True"
"libraries/rawkit/src/processing.rs","2041","B755C34BFC3AE83283473EF903F44AD55F498E414B7CCB98E851B7C9BD82E1F1","B755C34BFC3AE83283473EF903F44AD55F498E414B7CCB98E851B7C9BD82E1F1","True"
"libraries/rawkit/src/tiff/file.rs","3590","5787B33A930EFEC3CEF2D224E3F67517A0A39AF048082E7A28BE06ABDA129A4F","5787B33A930EFEC3CEF2D224E3F67517A0A39AF048082E7A28BE06ABDA129A4F","True"
"libraries/rawkit/src/tiff/mod.rs","3960","B6D6AF155E2D7B2E22177F1E09D819C2E46C09EFD0042C7DEFDBBE3C5078F4BB","B6D6AF155E2D7B2E22177F1E09D819C2E46C09EFD0042C7DEFDBBE3C5078F4BB","True"
"libraries/rawkit/src/tiff/tags.rs","5301","E0553B77EE343AC3F2CC4A5D8694E2135B3ED97B07F808BC70AF604C78C3F179","E0553B77EE343AC3F2CC4A5D8694E2135B3ED97B07F808BC70AF604C78C3F179","True"
"libraries/rawkit/src/tiff/types.rs","9993","26B6606755175E92AFAF8B426AB85B4DC8D209FC40D6B39A3FD1C61B56273007","26B6606755175E92AFAF8B426AB85B4DC8D209FC40D6B39A3FD1C61B56273007","True"
"libraries/rawkit/src/tiff/values.rs","2730","AE916709F92C4C7D40F121B522DFD861631CC155F17797414107DD79492DF8DD","AE916709F92C4C7D40F121B522DFD861631CC155F17797414107DD79492DF8DD","True"
"libraries/rawkit/tests/images/.gitkeep","2","E16F1596201850FD4A63680B27F603CB64E67176159BE3D8ED78A4403FDB1700","E16F1596201850FD4A63680B27F603CB64E67176159BE3D8ED78A4403FDB1700","True"
"libraries/rawkit/tests/tests.rs","11298","E81EB230AB38E680BDB22C77A76EC26A522A326A3F0F67A706602BD0585F1549","E81EB230AB38E680BDB22C77A76EC26A522A326A3F0F67A706602BD0585F1549","True"
"libraries/wgpu-sync/Cargo.toml","246","BF2BDA3167D4F4816AF46BE54EE7C9B8A46D6C56827006146B5C942EE49F6B5D","BF2BDA3167D4F4816AF46BE54EE7C9B8A46D6C56827006146B5C942EE49F6B5D","True"
"libraries/wgpu-sync/src/lib.rs","5938","4598C2F06F9AEFF232F0C47E6813F05D2EC83788A29B9490D1E933337F998AB4","4598C2F06F9AEFF232F0C47E6813F05D2EC83788A29B9490D1E933337F998AB4","True"
"LICENSE.txt","11357","C71D239DF91726FC519C6EB72D318EC65820627232B2F796219E87DCF35D0AB4","C71D239DF91726FC519C6EB72D318EC65820627232B2F796219E87DCF35D0AB4","True"
"node-graph/graph-craft/benches/compile_demo_art_criterion.rs","549","3E395418933C01E8ABFBB7815818BB997A2A96859D6FFC1F070F56ADD96FF7FE","3E395418933C01E8ABFBB7815818BB997A2A96859D6FFC1F070F56ADD96FF7FE","True"
"node-graph/graph-craft/benches/compile_demo_art_gungraun.rs","514","99ABADF94F63C5C0FFAA4230BB3330A3B0DB5FA9973D7BE2F84D0472DED9030B","99ABADF94F63C5C0FFAA4230BB3330A3B0DB5FA9973D7BE2F84D0472DED9030B","True"
"node-graph/graph-craft/Cargo.toml","2458","19DFD6713408E6B2C064878F1ABF11B9669A8272B608DC2C17FFCD6FAA1902CE","19DFD6713408E6B2C064878F1ABF11B9669A8272B608DC2C17FFCD6FAA1902CE","True"
"node-graph/graph-craft/src/application_io.rs","3334","F1C31F83E5A10C69026ACEA4D4076C84DB8FD3F6753F0D0D2E86663D984CCCB3","F1C31F83E5A10C69026ACEA4D4076C84DB8FD3F6753F0D0D2E86663D984CCCB3","True"
"node-graph/graph-craft/src/application_io/resource.rs","1306","14D880D4C6982FBC0B5F2349F6D631F97CCDEED3A01445FC9B88ADF8B5F23C15","14D880D4C6982FBC0B5F2349F6D631F97CCDEED3A01445FC9B88ADF8B5F23C15","True"
"node-graph/graph-craft/src/application_io/resource/mmap.rs","4634","94675CD3FA12213B173B31018D732A3978CEC006E593022EFB45D64EBFE20E66","94675CD3FA12213B173B31018D732A3978CEC006E593022EFB45D64EBFE20E66","True"
"node-graph/graph-craft/src/application_io/resource/opfs.rs","10442","02B9E321EFDC2EC1FB8AD54567B15595168F49502FF097850407CD90FA34642E","02B9E321EFDC2EC1FB8AD54567B15595168F49502FF097850407CD90FA34642E","True"
"node-graph/graph-craft/src/document.rs","64722","16C90CCDEBACA64427ACC2DE56863F1F8ED6CABAA9F41FEDAC00C625B6BC22F3","16C90CCDEBACA64427ACC2DE56863F1F8ED6CABAA9F41FEDAC00C625B6BC22F3","True"
"node-graph/graph-craft/src/document/value.rs","51212","A5EB6868BE76A9650A15CA7A28782D797AFC98008F1AD06CC12F62BE92C4024C","A5EB6868BE76A9650A15CA7A28782D797AFC98008F1AD06CC12F62BE92C4024C","True"
"node-graph/graph-craft/src/graphene_compiler.rs","1228","9EBFD919B19291B7A5434EAD8877C7D1895B0D255B23F0BE1A5AA011AD326F78","9EBFD919B19291B7A5434EAD8877C7D1895B0D255B23F0BE1A5AA011AD326F78","True"
"node-graph/graph-craft/src/lib.rs","352","1D90C2BAF318F24EAFCB43DD5372ED3FD453FBF1F2845775E945D84778FF1FCA","1D90C2BAF318F24EAFCB43DD5372ED3FD453FBF1F2845775E945D84778FF1FCA","True"
"node-graph/graph-craft/src/null.png","94","1BEDBEEE5CBBDAD2D9C45DACEFC4FDAE4D97B10049BD8B089A17DDC93515F8F6","1BEDBEEE5CBBDAD2D9C45DACEFC4FDAE4D97B10049BD8B089A17DDC93515F8F6","True"
"node-graph/graph-craft/src/proto.rs","43908","8C4995CBC9A172BE990491CE9262AD196EF6EEC4089DFC30253B364E8F29B5DE","8C4995CBC9A172BE990491CE9262AD196EF6EEC4089DFC30253B364E8F29B5DE","True"
"node-graph/graph-craft/src/util.rs","1001","56D066BF3C904422009CE2C718C1F1BF859B5F82EC4CD2CE2DC1D695D955B4DF","56D066BF3C904422009CE2C718C1F1BF859B5F82EC4CD2CE2DC1D695D955B4DF","True"
"node-graph/graphene-cli/Cargo.toml","1110","FAEE6C45F01F033B478DFC8DA78C36E4D0630D37892E27787C3EEB51D497BDD1","FAEE6C45F01F033B478DFC8DA78C36E4D0630D37892E27787C3EEB51D497BDD1","True"
"node-graph/graphene-cli/src/export.rs","7693","D447B86CEF855E1D2AD12194A7A52C21FDBEDB970C1D96BE6C5051A950243ED2","D447B86CEF855E1D2AD12194A7A52C21FDBEDB970C1D96BE6C5051A950243ED2","True"
"node-graph/graphene-cli/src/main.rs","9404","88BA4D7D9818951946CC05F3E108E2C0B08E8D5A32D9FF2CDCB65D073572602F","88BA4D7D9818951946CC05F3E108E2C0B08E8D5A32D9FF2CDCB65D073572602F","True"
"node-graph/interpreted-executor/benches/benchmark_util.rs","1036","9D8E3F3682640998D3168D228F74540D32BB3F05A4EB656F2E23361FD2B138EB","9D8E3F3682640998D3168D228F74540D32BB3F05A4EB656F2E23361FD2B138EB","True"
"node-graph/interpreted-executor/benches/run_cached.rs","757","39595493534BAD62F0304532B22960AF0F4D8BA2506D20621647A0E53153651C","39595493534BAD62F0304532B22960AF0F4D8BA2506D20621647A0E53153651C","True"
"node-graph/interpreted-executor/benches/run_cached_gungraun.rs","1163","C34B206D6285E5E520BBF71582E899549BAB32BDBF209E0914AEBA55717297E3","C34B206D6285E5E520BBF71582E899549BAB32BDBF209E0914AEBA55717297E3","True"
"node-graph/interpreted-executor/benches/run_demo_art_criterion.rs","1668","65A7D354C7B33830CA42FAD74C5EBB6C47382B091A55CC8FF600ABC6490576C5","65A7D354C7B33830CA42FAD74C5EBB6C47382B091A55CC8FF600ABC6490576C5","True"
"node-graph/interpreted-executor/benches/run_once.rs","769","5EB126C3FF4585C328DAC546CCA4A6CCB5FB4B598754ACF2F0F45B50E81AB6A6","5EB126C3FF4585C328DAC546CCA4A6CCB5FB4B598754ACF2F0F45B50E81AB6A6","True"
"node-graph/interpreted-executor/benches/run_once_gungraun.rs","985","68748CEEEEDD39982D4CE19594641F786DB2BF52EFA51E0BAB7E59CEC18EA1EE","68748CEEEEDD39982D4CE19594641F786DB2BF52EFA51E0BAB7E59CEC18EA1EE","True"
"node-graph/interpreted-executor/benches/update_executor.rs","908","733B6486DC2CA71F7E9A91CD010EC691889113821E4D322D3CE5E78B9465474E","733B6486DC2CA71F7E9A91CD010EC691889113821E4D322D3CE5E78B9465474E","True"
"node-graph/interpreted-executor/benches/update_executor_gungraun.rs","1114","D751315A99CE40C5A651DD7A09BA9B0C5A0448E054A5C11E3162C971572D50E2","D751315A99CE40C5A651DD7A09BA9B0C5A0448E054A5C11E3162C971572D50E2","True"
"node-graph/interpreted-executor/Cargo.toml","1186","5400A8DF983067F427A1535BFB8775BA8EB8F43EDC7569786D08A3AC9EBB8E50","5400A8DF983067F427A1535BFB8775BA8EB8F43EDC7569786D08A3AC9EBB8E50","True"
"node-graph/interpreted-executor/src/dynamic_executor.rs","17302","6AF7792F4C8BB5E497BB3303CC04026AC1C3BB7A4A91A0C74C0B653F3F8174ED","6AF7792F4C8BB5E497BB3303CC04026AC1C3BB7A4A91A0C74C0B653F3F8174ED","True"
"node-graph/interpreted-executor/src/dynamic_executor/test.rs","37658","9766D93445D41E2B33011C27F941E735993BAE3CE4B79DD01369331D6D7FA662","9766D93445D41E2B33011C27F941E735993BAE3CE4B79DD01369331D6D7FA662","True"
"node-graph/interpreted-executor/src/lib.rs","1424","18037C8F5ADBCAC661FC46CFC693329D0FCB9E203825623F8324D1A5DCE2817F","18037C8F5ADBCAC661FC46CFC693329D0FCB9E203825623F8324D1A5DCE2817F","True"
"node-graph/interpreted-executor/src/node_registry.rs","36231","29B944D3B9EA7CCB428262CC61EA3C15882530351563CEC3046C22D1E049945C","29B944D3B9EA7CCB428262CC61EA3C15882530351563CEC3046C22D1E049945C","True"
"node-graph/interpreted-executor/src/util.rs","5385","CBFBC429C6EEF3FDA712EB7EFD5AD38F3BEC265144A7EB238BBAE9E778E57F33","CBFBC429C6EEF3FDA712EB7EFD5AD38F3BEC265144A7EB238BBAE9E778E57F33","True"
"node-graph/libraries/application-io/Cargo.toml","1024","618EEC1B986621EEF281A4CCA07FE07F817BEF6F167A6FF7398CB795C3BDD123","618EEC1B986621EEF281A4CCA07FE07F817BEF6F167A6FF7398CB795C3BDD123","True"
"node-graph/libraries/application-io/src/lib.rs","4827","3C3B4E56DFAF09F7864AB10BD4B8D1353A330A7943910A9B1B2B8311EDD9B98A","3C3B4E56DFAF09F7864AB10BD4B8D1353A330A7943910A9B1B2B8311EDD9B98A","True"
"node-graph/libraries/canvas-utils/Cargo.toml","749","AC58057503A5A1C1A26913926E03C423A795705FD9729A9B549CAD5D8ED501BE","AC58057503A5A1C1A26913926E03C423A795705FD9729A9B549CAD5D8ED501BE","True"
"node-graph/libraries/canvas-utils/src/lib.rs","284","0D7838EDDBDDFC39293DF2CC8A7FFAAF44AB2B377BC697BD1A99D9D8B1FA7663","0D7838EDDBDDFC39293DF2CC8A7FFAAF44AB2B377BC697BD1A99D9D8B1FA7663","True"
"node-graph/libraries/canvas-utils/src/wasm.rs","6479","BA8FE29F3C60DA2F1E7E9D77F9F26F0790F05E9D8AE06E3658952D245D894C4E","BA8FE29F3C60DA2F1E7E9D77F9F26F0790F05E9D8AE06E3658952D245D894C4E","True"
"node-graph/libraries/core-types/Cargo.toml","1522","A0E6C70A4EECED5E16148689749A63752027A68BE59AF84CA20031A04B835190","A0E6C70A4EECED5E16148689749A63752027A68BE59AF84CA20031A04B835190","True"
"node-graph/libraries/core-types/src/bounds.rs","1843","5EBA0B79C1E1B054E65EB1520A8C43C53E347AE1B07FD29CD8C9BE9EF421B5A7","5EBA0B79C1E1B054E65EB1520A8C43C53E347AE1B07FD29CD8C9BE9EF421B5A7","True"
"node-graph/libraries/core-types/src/consts.rs","334","CAE61AB2E8F844A0729D6F24756FD53BADE4D85E4EB2BCC86ABF0937E6B87227","CAE61AB2E8F844A0729D6F24756FD53BADE4D85E4EB2BCC86ABF0937E6B87227","True"
"node-graph/libraries/core-types/src/context.rs","20595","066C3B76B18AA533179E290CD2E0935881D0A400D0FAC9F09734046FE5C4EE82","066C3B76B18AA533179E290CD2E0935881D0A400D0FAC9F09734046FE5C4EE82","True"
"node-graph/libraries/core-types/src/generic.rs","395","7E8BCD972DB8F00F96B02FA0B7361555BDFF94C5594D078EE1F8C6D24C33E44D","7E8BCD972DB8F00F96B02FA0B7361555BDFF94C5594D078EE1F8C6D24C33E44D","True"
"node-graph/libraries/core-types/src/lib.rs","5368","D76717D92E5D5908191A6CD09482905235FCFE5C781C76BA7BCC4D954BB0C811","D76717D92E5D5908191A6CD09482905235FCFE5C781C76BA7BCC4D954BB0C811","True"
"node-graph/libraries/core-types/src/list.rs","59088","BFD3CEA35FF6144C354006E63F5CB6939CD145E203E05F9401CD9162576F5520","BFD3CEA35FF6144C354006E63F5CB6939CD145E203E05F9401CD9162576F5520","True"
"node-graph/libraries/core-types/src/math/bbox.rs","3507","FDB9298987CEE2C06892A854ADC066F78373107B2C0B75D08082D38ECC7AC8DC","FDB9298987CEE2C06892A854ADC066F78373107B2C0B75D08082D38ECC7AC8DC","True"
"node-graph/libraries/core-types/src/math/mod.rs","62","CDBB85102C494589D6AB877E48BD731E66676646880B0D2D8221EC3338689DA1","CDBB85102C494589D6AB877E48BD731E66676646880B0D2D8221EC3338689DA1","True"
"node-graph/libraries/core-types/src/math/polynomial.rs","8216","EA07DC0FF90EAAA9E3311B55992D87DB2A9145B06920E6C376B3557D57670C1C","EA07DC0FF90EAAA9E3311B55992D87DB2A9145B06920E6C376B3557D57670C1C","True"
"node-graph/libraries/core-types/src/math/quad.rs","7344","45845D98615F8B0DDD9F13B288CC6524B4756741EF2AD063D0A93A3922E57FB6","45845D98615F8B0DDD9F13B288CC6524B4756741EF2AD063D0A93A3922E57FB6","True"
"node-graph/libraries/core-types/src/math/rect.rs","3197","19B843CFE15FB342D101A19C032C4BFD9D3D3C63CC48BBD30405ADC59730F331","19B843CFE15FB342D101A19C032C4BFD9D3D3C63CC48BBD30405ADC59730F331","True"
"node-graph/libraries/core-types/src/memo.rs","2973","2201789F6C0B119B637D6E442511B1695AC01CBD97AC0BC1282E5060F638A37A","2201789F6C0B119B637D6E442511B1695AC01CBD97AC0BC1282E5060F638A37A","True"
"node-graph/libraries/core-types/src/misc.rs","5876","24F8E0BDB2B3272960E1B53E4E8CF1E3E22496DA91283B2B137D2E7D84F4560E","24F8E0BDB2B3272960E1B53E4E8CF1E3E22496DA91283B2B137D2E7D84F4560E","True"
"node-graph/libraries/core-types/src/ops.rs","3102","9909EA8581233AE0CFE1D4813F133B1FB95B77BA5BB869C9991EF8668F4C0E12","9909EA8581233AE0CFE1D4813F133B1FB95B77BA5BB869C9991EF8668F4C0E12","True"
"node-graph/libraries/core-types/src/registry.rs","8434","4B48D2BE31501FB12246F2D13DFA9AFE7588D9A58B5498ACDE94CCA20BF5CFC8","4B48D2BE31501FB12246F2D13DFA9AFE7588D9A58B5498ACDE94CCA20BF5CFC8","True"
"node-graph/libraries/core-types/src/render_complexity.rs","558","7EC8E16AC75765E1F2130757FF4A976D29C3F1F8AD27CAF6171075F39C79A5DA","7EC8E16AC75765E1F2130757FF4A976D29C3F1F8AD27CAF6171075F39C79A5DA","True"
"node-graph/libraries/core-types/src/transform.rs","8381","656954481B37426B9EFE358A65EFD4CD72B329D4738CE340746F4EF7ADE1EFC9","656954481B37426B9EFE358A65EFD4CD72B329D4738CE340746F4EF7ADE1EFC9","True"
"node-graph/libraries/core-types/src/types.rs","19433","32E5990B432DF03ABA1FB0306EB4A99F174239C4FC1FFCE80673FE10097786B8","32E5990B432DF03ABA1FB0306EB4A99F174239C4FC1FFCE80673FE10097786B8","True"
"node-graph/libraries/core-types/src/uuid.rs","2485","67D939D368E17FE6450B2F95AC1AC5078664D66890EA656CBEDD28797C87F9B9","67D939D368E17FE6450B2F95AC1AC5078664D66890EA656CBEDD28797C87F9B9","True"
"node-graph/libraries/core-types/src/value.rs","5216","AAF4305D2A959C02B5B45C2E8726DDFE54F25B6CD72D643726951BA323B2001F","AAF4305D2A959C02B5B45C2E8726DDFE54F25B6CD72D643726951BA323B2001F","True"
"node-graph/libraries/graphene-hash/Cargo.toml","437","1D93BDFE8D8A57877910F46256DDC5315716A26A882887986BE49DF78265FA90","1D93BDFE8D8A57877910F46256DDC5315716A26A882887986BE49DF78265FA90","True"
"node-graph/libraries/graphene-hash/derive/Cargo.toml","419","1FBCF1412B94711BB6C37F525254DCB25573C6B306CC4635BF2691E25DDBCA92","1FBCF1412B94711BB6C37F525254DCB25573C6B306CC4635BF2691E25DDBCA92","True"
"node-graph/libraries/graphene-hash/derive/src/lib.rs","4033","152BEE8263062EC07CEF29EE07E36508DB6CFB97B66473AD3D1AAA8C81FD32E8","152BEE8263062EC07CEF29EE07E36508DB6CFB97B66473AD3D1AAA8C81FD32E8","True"
"node-graph/libraries/graphene-hash/src/lib.rs","5433","263FD971594C9532D1E1ED0C74B5A70C6015FC306D74181FC48842115074A188","263FD971594C9532D1E1ED0C74B5A70C6015FC306D74181FC48842115074A188","True"
"node-graph/libraries/graphic-types/Cargo.toml","942","A792629A30F64FE924A74A741FBAFD194CFA5E1F00AD39658AAAD62A17F099B9","A792629A30F64FE924A74A741FBAFD194CFA5E1F00AD39658AAAD62A17F099B9","True"
"node-graph/libraries/graphic-types/src/artboard.rs","1649","A155A42448203A11D72BE48FD1BFC5381B6ED8C120CCEFB4406F038B6DE70D52","A155A42448203A11D72BE48FD1BFC5381B6ED8C120CCEFB4406F038B6DE70D52","True"
"node-graph/libraries/graphic-types/src/graphic.rs","26293","2B717D0E43432B672B67019327B4654D6BF3918DCE65D2394E77EF0D8EAEB1DC","2B717D0E43432B672B67019327B4654D6BF3918DCE65D2394E77EF0D8EAEB1DC","True"
"node-graph/libraries/graphic-types/src/lib.rs","8191","DA655D68EEF87011A6B2E285B96C308BEB1B422C076A46D723AA51939E08385B","DA655D68EEF87011A6B2E285B96C308BEB1B422C076A46D723AA51939E08385B","True"
"node-graph/libraries/no-std-types/Cargo.toml","1632","66C2D2B6B1040E5989923A1843E6CB6BD6A97B6145C6E5774D2CC7CB18919530","66C2D2B6B1040E5989923A1843E6CB6BD6A97B6145C6E5774D2CC7CB18919530","True"
"node-graph/libraries/no-std-types/src/blending.rs","5379","67CF6BED90FBF95BD2FAB28B0B7654549EA9342970FB85FAF0551A8725F434E7","67CF6BED90FBF95BD2FAB28B0B7654549EA9342970FB85FAF0551A8725F434E7","True"
"node-graph/libraries/no-std-types/src/choice_type.rs","672","ECD114257EF8099EAC0ADBE7F7F9661A4FE6505348B73B3285714E0153EEB6E1","ECD114257EF8099EAC0ADBE7F7F9661A4FE6505348B73B3285714E0153EEB6E1","True"
"node-graph/libraries/no-std-types/src/color/color_traits.rs","4625","58AE109E3EFC3722828E371AC57FA310CC3FAF62ED00E0BCFE914AF3F4F47530","58AE109E3EFC3722828E371AC57FA310CC3FAF62ED00E0BCFE914AF3F4F47530","True"
"node-graph/libraries/no-std-types/src/color/color_types.rs","33905","5FF17510B4FD530F8F63CB75D067D4723CAD0C9F8DDBAB92E1F8EA2C39B9A290","5FF17510B4FD530F8F63CB75D067D4723CAD0C9F8DDBAB92E1F8EA2C39B9A290","True"
"node-graph/libraries/no-std-types/src/color/discrete_srgb.rs","9709","C46C876FB2A8EAAB603340C8DEBFF2735D8AFB6AC1E3710B16DB8E1E6458BA02","C46C876FB2A8EAAB603340C8DEBFF2735D8AFB6AC1E3710B16DB8E1E6458BA02","True"
"node-graph/libraries/no-std-types/src/color/mod.rs","165","72C531F56DE217F70174AB8D1A099BD0177D136C0134BFFDDCA4FE40D31BBE71","72C531F56DE217F70174AB8D1A099BD0177D136C0134BFFDDCA4FE40D31BBE71","True"
"node-graph/libraries/no-std-types/src/color/transfer.rs","765","6B885C68DD225961056A66F100E11B011E9274FD58E7F82E922EC7DCECC9FC6F","6B885C68DD225961056A66F100E11B011E9274FD58E7F82E922EC7DCECC9FC6F","True"
"node-graph/libraries/no-std-types/src/context.rs","222","212661FD73F65166E639207004AF483E053CAD0A79E50A4EED9D71D8A343028D","212661FD73F65166E639207004AF483E053CAD0A79E50A4EED9D71D8A343028D","True"
"node-graph/libraries/no-std-types/src/lib.rs","309","D5ABB7E8D32083D941576DB14EB02855804CC15E4347EF8C3099CF1874D60B24","D5ABB7E8D32083D941576DB14EB02855804CC15E4347EF8C3099CF1874D60B24","True"
"node-graph/libraries/no-std-types/src/list.rs","1350","D80D64BFDBAD33D9CA8D428C1DBCAB9912942992F5933E2A93ACF0B1970E281D","D80D64BFDBAD33D9CA8D428C1DBCAB9912942992F5933E2A93ACF0B1970E281D","True"
"node-graph/libraries/no-std-types/src/registry.rs","962","0DDBF066C146D130E58778DD70048E23CB20C3293D18F7BE54063228DAEF1746","0DDBF066C146D130E58778DD70048E23CB20C3293D18F7BE54063228DAEF1746","True"
"node-graph/libraries/no-std-types/src/shaders/buffer_struct/glam.rs","2751","81AA46964E0D3B5FB65F3AC90FCAF948A27709086086C6939E34C2B09314B592","81AA46964E0D3B5FB65F3AC90FCAF948A27709086086C6939E34C2B09314B592","True"
"node-graph/libraries/no-std-types/src/shaders/buffer_struct/mod.rs","2872","2E5AA84BDDE61C7A1C5726BDE05062E1C9C46BD5D0D3815B74001779B3EFD6FB","2E5AA84BDDE61C7A1C5726BDE05062E1C9C46BD5D0D3815B74001779B3EFD6FB","True"
"node-graph/libraries/no-std-types/src/shaders/buffer_struct/primitive.rs","3283","EAF0176D93B66017E425D295F967F3E8080DD74662356F554E6169D24A60CEB4","EAF0176D93B66017E425D295F967F3E8080DD74662356F554E6169D24A60CEB4","True"
"node-graph/libraries/no-std-types/src/shaders/mod.rs","162","625D6D491EE05138A7DED8E1984B283ABF6BD435E8A8DDB752CAE15362C5D302","625D6D491EE05138A7DED8E1984B283ABF6BD435E8A8DDB752CAE15362C5D302","True"
"node-graph/libraries/raster-types/Cargo.toml","933","3776B6B6D0B9261A395E751F439620662EDD1DF859E22F15C6D3EF7365871DEE","3776B6B6D0B9261A395E751F439620662EDD1DF859E22F15C6D3EF7365871DEE","True"
"node-graph/libraries/raster-types/src/image.rs","9223","36331A6F7C5E87B2287D94CEF0700078A95009916B2E3B60CAFE97B34FA715D6","36331A6F7C5E87B2287D94CEF0700078A95009916B2E3B60CAFE97B34FA715D6","True"
"node-graph/libraries/raster-types/src/lib.rs","1693","4165CCBBE207F02AE5F772AA65EDEF400E984C643ABE5120065EF555801DCA45","4165CCBBE207F02AE5F772AA65EDEF400E984C643ABE5120065EF555801DCA45","True"
"node-graph/libraries/raster-types/src/raster_types.rs","5707","E9042015EEA2D6245145BC5B842616EEEAE32053071A6A09C133D97C0A94A178","E9042015EEA2D6245145BC5B842616EEEAE32053071A6A09C133D97C0A94A178","True"
"node-graph/libraries/rendering/Cargo.toml","1007","DD7E62EDDF212E96ECFED68CD65796059EB55B8D1DA29C14756077F27BA6227E","DD7E62EDDF212E96ECFED68CD65796059EB55B8D1DA29C14756077F27BA6227E","True"
"node-graph/libraries/rendering/src/convert_usvg_path.rs","2002","9D005114E821F3A034D179AF1F7CB1501BBF35D5A9DA71081498199AF003E567","9D005114E821F3A034D179AF1F7CB1501BBF35D5A9DA71081498199AF003E567","True"
"node-graph/libraries/rendering/src/lib.rs","102","DCAB44682D4EC570E487CFD03DBDC779285F8D72C80046BD793C6F394C2F1035","DCAB44682D4EC570E487CFD03DBDC779285F8D72C80046BD793C6F394C2F1035","True"
"node-graph/libraries/rendering/src/render_ext.rs","11429","6EB4D221EFFFE694855D781C8BEE6C50DBF69458AFFDC0F4CB3DBA7DE859E40F","6EB4D221EFFFE694855D781C8BEE6C50DBF69458AFFDC0F4CB3DBA7DE859E40F","True"
"node-graph/libraries/rendering/src/renderer.rs","121174","C6E738EBBC8F3C35276AD3B6FCD89286308BC00520641E246F29DDA88E1628A3","C6E738EBBC8F3C35276AD3B6FCD89286308BC00520641E246F29DDA88E1628A3","True"
"node-graph/libraries/rendering/src/to_peniko.rs","1405","2509D647FD9A4CA6745D71315FF91BCA2C9B249ADE423B353557E343063A7EA5","2509D647FD9A4CA6745D71315FF91BCA2C9B249ADE423B353557E343063A7EA5","True"
"node-graph/libraries/resources/Cargo.toml","533","D8730D7EC24BA7427B71FC8D8095C3BDA3413F8BFD83544A6E0D5F944FD0C8A8","D8730D7EC24BA7427B71FC8D8095C3BDA3413F8BFD83544A6E0D5F944FD0C8A8","True"
"node-graph/libraries/resources/src/lib.rs","9963","24B23E9C1839A3B16F74BE2FF3E3638CD64F4416143BF0A88F2117F8E8110F02","24B23E9C1839A3B16F74BE2FF3E3638CD64F4416143BF0A88F2117F8E8110F02","True"
"node-graph/libraries/vector-types/Cargo.toml","1196","C4CDD38DE90E4A85FCBEC259804D0422126CDB613A92F8ED03F049D05A269AA2","C4CDD38DE90E4A85FCBEC259804D0422126CDB613A92F8ED03F049D05A269AA2","True"
"node-graph/libraries/vector-types/src/gradient.rs","61884","388348F25FAAC81F95129074915173C87B64CCF31F46FF9649A00360FA08EC57","388348F25FAAC81F95129074915173C87B64CCF31F46FF9649A00360FA08EC57","True"
"node-graph/libraries/vector-types/src/lib.rs","544","31DD70FDF2DA3096C80BFC58815D033601925E34347552EFBE7606F325A4CEAE","31DD70FDF2DA3096C80BFC58815D033601925E34347552EFBE7606F325A4CEAE","True"
"node-graph/libraries/vector-types/src/math/mod.rs","1046","974D81818C69BE7FC3B9D5C6E6C2A6CC74DBFC7D01531EA713888019747491FB","974D81818C69BE7FC3B9D5C6E6C2A6CC74DBFC7D01531EA713888019747491FB","True"
"node-graph/libraries/vector-types/src/subpath/consts.rs","133","4CDEE54BBF9889C8EC1AA73BC04BD7D5730BAF12512BFA47BB6BB79A8A7C25CE","4CDEE54BBF9889C8EC1AA73BC04BD7D5730BAF12512BFA47BB6BB79A8A7C25CE","True"
"node-graph/libraries/vector-types/src/subpath/core.rs","18356","69B0F7EB06C9FCB5E1031C003EC384F2786BD635966425B479899E6334E52A5E","69B0F7EB06C9FCB5E1031C003EC384F2786BD635966425B479899E6334E52A5E","True"
"node-graph/libraries/vector-types/src/subpath/lookup.rs","6697","B83D3C87038F9CCD0A16EE3A1B8DD53D99AEA0FF06442724A9B23A71681EBA4C","B83D3C87038F9CCD0A16EE3A1B8DD53D99AEA0FF06442724A9B23A71681EBA4C","True"
"node-graph/libraries/vector-types/src/subpath/manipulators.rs","1937","4C9C58975AF94EA2F260DA816CE7A0862898990457F5FC9F2B92FD3F703844F3","4C9C58975AF94EA2F260DA816CE7A0862898990457F5FC9F2B92FD3F703844F3","True"
"node-graph/libraries/vector-types/src/subpath/mod.rs","2227","E5857E44FC295106BD245C5BD9808C2ED438D3D492749F9338D060375A988954","E5857E44FC295106BD245C5BD9808C2ED438D3D492749F9338D060375A988954","True"
"node-graph/libraries/vector-types/src/subpath/solvers.rs","3888","CD2DED0D54B6C9E92B90DC5D11876C6BD4BBF77EAFE20969B8E849CFFA9F9BF9","CD2DED0D54B6C9E92B90DC5D11876C6BD4BBF77EAFE20969B8E849CFFA9F9BF9","True"
"node-graph/libraries/vector-types/src/subpath/structs.rs","13519","43D47BE77B7D27038E0FC22D3753B9E9F7AD624E29DB13FCAD5A3A3DBE7D766F","43D47BE77B7D27038E0FC22D3753B9E9F7AD624E29DB13FCAD5A3A3DBE7D766F","True"
"node-graph/libraries/vector-types/src/subpath/transform.rs","2266","858098293263093FCB922DF7B7794F368BB70EB37A171E7756485818A13B96C0","858098293263093FCB922DF7B7794F368BB70EB37A171E7756485818A13B96C0","True"
"node-graph/libraries/vector-types/src/vector/algorithms/bezpath_algorithms.rs","26110","B84CEBE0DD53830A1994D7301452DBF339D9944EBF1A92993D56B1B1F05DB497","B84CEBE0DD53830A1994D7301452DBF339D9944EBF1A92993D56B1B1F05DB497","True"
"node-graph/libraries/vector-types/src/vector/algorithms/contants.rs","265","60597BC66747BB132204C96BDDC1BA61E038B857CBF5F94EBCEBFDF1FB496F77","60597BC66747BB132204C96BDDC1BA61E038B857CBF5F94EBCEBFDF1FB496F77","True"
"node-graph/libraries/vector-types/src/vector/algorithms/intersection.rs","21439","C1648C2F24FB97185BF66186F8067BA5652B573460BE00C57561B6BFF2CCFDF3","C1648C2F24FB97185BF66186F8067BA5652B573460BE00C57561B6BFF2CCFDF3","True"
"node-graph/libraries/vector-types/src/vector/algorithms/merge_by_distance.rs","11446","0143575F18C1A24C4544B0E3B2877185EA7DA069E5F2628A4E67EC263539139F","0143575F18C1A24C4544B0E3B2877185EA7DA069E5F2628A4E67EC263539139F","True"
"node-graph/libraries/vector-types/src/vector/algorithms/mod.rs","167","16EA77A15750C225E5F31A329CD35D4D6CBD9A7E97376E1FBA2E7F15641A7933","16EA77A15750C225E5F31A329CD35D4D6CBD9A7E97376E1FBA2E7F15641A7933","True"
"node-graph/libraries/vector-types/src/vector/algorithms/offset_subpath.rs","5837","FC835B1C1D40E7B0DDFAB28FD444B638CDCE32D139B429D207BF03A08D96A134","FC835B1C1D40E7B0DDFAB28FD444B638CDCE32D139B429D207BF03A08D96A134","True"
"node-graph/libraries/vector-types/src/vector/algorithms/poisson_disk.rs","16700","3A741C1D5977AA1C117C51CFE82416E0C8922853878FE50D88C65049469A6A6B","3A741C1D5977AA1C117C51CFE82416E0C8922853878FE50D88C65049469A6A6B","True"
"node-graph/libraries/vector-types/src/vector/algorithms/spline.rs","6572","DAFCE49178E4D5D20DACB019438C397268B7C1420D9CB089E1A1C9D667E2434D","DAFCE49178E4D5D20DACB019438C397268B7C1420D9CB089E1A1C9D667E2434D","True"
"node-graph/libraries/vector-types/src/vector/algorithms/util.rs","1798","B3C3B533A728D0AE434129082F7BC047DEE74FA8C456A225F16DEC112AB78AE1","B3C3B533A728D0AE434129082F7BC047DEE74FA8C456A225F16DEC112AB78AE1","True"
"node-graph/libraries/vector-types/src/vector/click_target.rs","20005","51FD20E72A51B9D14BB3A47CCAB368F53D981AFF058FFF8786E172C2E9A3E38D","51FD20E72A51B9D14BB3A47CCAB368F53D981AFF058FFF8786E172C2E9A3E38D","True"
"node-graph/libraries/vector-types/src/vector/misc.rs","22919","CFD3A4D311606BE5904A324EA80CA47EF69776D0D679BD49D6422905526CB301","CFD3A4D311606BE5904A324EA80CA47EF69776D0D679BD49D6422905526CB301","True"
"node-graph/libraries/vector-types/src/vector/mod.rs","278","D7213B14CC99925B1FCBFB517A7A1D315498E7C2CD2FB6EAA71FCB656DFF6242","D7213B14CC99925B1FCBFB517A7A1D315498E7C2CD2FB6EAA71FCB656DFF6242","True"
"node-graph/libraries/vector-types/src/vector/reference_point.rs","3578","7DF93AF51DF0891C48798D93CEEA0E828C184FE5491A16DABA764AD5B866CEE1","7DF93AF51DF0891C48798D93CEEA0E828C184FE5491A16DABA764AD5B866CEE1","True"
"node-graph/libraries/vector-types/src/vector/style.rs","13844","91BB09FA7F68CFB32B4838DBEC853DD9722282EBE169389EE75981F7ED3950EF","91BB09FA7F68CFB32B4838DBEC853DD9722282EBE169389EE75981F7ED3950EF","True"
"node-graph/libraries/vector-types/src/vector/vector_attributes.rs","49689","DCF979EB7EBB0F135E9ECD61DBC8203AD2D1F8B221BCD4358F2478BB723891C4","DCF979EB7EBB0F135E9ECD61DBC8203AD2D1F8B221BCD4358F2478BB723891C4","True"
"node-graph/libraries/vector-types/src/vector/vector_modification.rs","32792","BF7B499443D34FBB441A4D33AFE51E33AE943BE97F2700381129B61D6815E6F2","BF7B499443D34FBB441A4D33AFE51E33AE943BE97F2700381129B61D6815E6F2","True"
"node-graph/libraries/vector-types/src/vector/vector_types.rs","26957","71583281A99EC7F4485A76396309724C716E1C767366D0192A31B768A5AE9B1E","71583281A99EC7F4485A76396309724C716E1C767366D0192A31B768A5AE9B1E","True"
"node-graph/libraries/wgpu-executor/Cargo.toml","685","2D0C50C52B6E610B298E26125224840265C3230287308A1C953608A8D9211841","2D0C50C52B6E610B298E26125224840265C3230287308A1C953608A8D9211841","True"
"node-graph/libraries/wgpu-executor/src/context.rs","4339","A509404F702C4CEA4B45A928C366004584E6DA03EF0345E5CE625EDCBD226C30","A509404F702C4CEA4B45A928C366004584E6DA03EF0345E5CE625EDCBD226C30","True"
"node-graph/libraries/wgpu-executor/src/lib.rs","4351","36B7C176DB10AED4D710C705F1BE77268F5007FF9A3B49675950DFA161D50AE3","36B7C176DB10AED4D710C705F1BE77268F5007FF9A3B49675950DFA161D50AE3","True"
"node-graph/libraries/wgpu-executor/src/pipeline.rs","2157","80DC2295E51B0B9DA93F645BDF21B1FC05B5A5DF6FAE4590E36F0833A57D1A72","80DC2295E51B0B9DA93F645BDF21B1FC05B5A5DF6FAE4590E36F0833A57D1A72","True"
"node-graph/libraries/wgpu-executor/src/shader_runtime/mod.rs","501","E8694A9F21BF7B441F19A73A23822CA016E55A6F62B7B36A7EEAC1B8C4DCDCB5","E8694A9F21BF7B441F19A73A23822CA016E55A6F62B7B36A7EEAC1B8C4DCDCB5","True"
"node-graph/libraries/wgpu-executor/src/shader_runtime/per_pixel_adjust_runtime.rs","8000","EE902A942AB254FD321538DB5DF3B3B70FF60DC69C213D4CE9D5321D8771D6E2","EE902A942AB254FD321538DB5DF3B3B70FF60DC69C213D4CE9D5321D8771D6E2","True"
"node-graph/libraries/wgpu-executor/src/texture_cache.rs","2480","D3EE03B51A06EF071CFB8D6943340AEC2C2DAA21E0F2312112B4AAAD457E02B2","D3EE03B51A06EF071CFB8D6943340AEC2C2DAA21E0F2312112B4AAAD457E02B2","True"
"node-graph/libraries/wgpu-executor/src/texture_conversion.rs","7922","2B6082E24BC5CA8521E419321FAD23AA9506169D2568FDCB19446D78F492E52C","2B6082E24BC5CA8521E419321FAD23AA9506169D2568FDCB19446D78F492E52C","True"
"node-graph/LICENSE","11357","C71D239DF91726FC519C6EB72D318EC65820627232B2F796219E87DCF35D0AB4","C71D239DF91726FC519C6EB72D318EC65820627232B2F796219E87DCF35D0AB4","True"
"node-graph/node-macro/Cargo.toml","730","0312B61A11BEFB7143BCA7761D2EDB767FBC8C4267410DC06E2DC5BE0CDF1EC1","0312B61A11BEFB7143BCA7761D2EDB767FBC8C4267410DC06E2DC5BE0CDF1EC1","True"
"node-graph/node-macro/src/buffer_struct.rs","7938","AA59C36DAA3DEDC71D3845284F724100A983430FFD97E0C72A5E3E1C53C0E1AD","AA59C36DAA3DEDC71D3845284F724100A983430FFD97E0C72A5E3E1C53C0E1AD","True"
"node-graph/node-macro/src/codegen.rs","47427","BE06587E8FCFFEC4EB1C54C6983BCEFF5D36C1CDC3CC29A88D849D9475AAB105","BE06587E8FCFFEC4EB1C54C6983BCEFF5D36C1CDC3CC29A88D849D9475AAB105","True"
"node-graph/node-macro/src/crate_ident.rs","1564","7E0E698E8AE575BCC041B9951F95EC97088C1C738DEEB23331215F07B039C8F1","7E0E698E8AE575BCC041B9951F95EC97088C1C738DEEB23331215F07B039C8F1","True"
"node-graph/node-macro/src/derive_choice_type.rs","5416","61793BA70DBEA31EF0B87C0F359FF7063C039835A84DE9AF58D3AE8B6C7DB795","61793BA70DBEA31EF0B87C0F359FF7063C039835A84DE9AF58D3AE8B6C7DB795","True"
"node-graph/node-macro/src/lib.rs","1753","30687E20C54A771A492AA19CE73017D7E779ED7E9C746827823E043B1E23CAEF","30687E20C54A771A492AA19CE73017D7E779ED7E9C746827823E043B1E23CAEF","True"
"node-graph/node-macro/src/parsing.rs","57744","353AAA6D0D34BB4562F68ACA2EB4988B74C32052339AA176F69831D8960DCC25","353AAA6D0D34BB4562F68ACA2EB4988B74C32052339AA176F69831D8960DCC25","True"
"node-graph/node-macro/src/shader_nodes/mod.rs","2757","B7AB06E3B65F4BFECD6E020A930F3BAFDE1E2FA8A07481942230EF812E21F3C8","B7AB06E3B65F4BFECD6E020A930F3BAFDE1E2FA8A07481942230EF812E21F3C8","True"
"node-graph/node-macro/src/shader_nodes/per_pixel_adjust.rs","12154","4CB18B2BB8DEAD7304B92E4806ADC42EEB1E9D83C5894FF240C79E33DE5D53FF","4CB18B2BB8DEAD7304B92E4806ADC42EEB1E9D83C5894FF240C79E33DE5D53FF","True"
"node-graph/node-macro/src/validation.rs","20555","F6E0B8B871AF351943DD18ECE273F83031AFE0F5EDD742E1415A7EBE4BE65E00","F6E0B8B871AF351943DD18ECE273F83031AFE0F5EDD742E1415A7EBE4BE65E00","True"
"node-graph/nodes/blending/Cargo.toml","552","7D30EC215D97970A07A70749F3569F2FF5E384027BECB2E3555EC13320AC6FBC","7D30EC215D97970A07A70749F3569F2FF5E384027BECB2E3555EC13320AC6FBC","True"
"node-graph/nodes/blending/src/lib.rs","3512","7E1C7DF196C61EA7E7F17924366F92AE14833BF1882D09B3DD34C0528ED961AB","7E1C7DF196C61EA7E7F17924366F92AE14833BF1882D09B3DD34C0528ED961AB","True"
"node-graph/nodes/brush/Cargo.toml","796","94CFCABA2C9DA7C5D0F4669715712E43A681B7201A0CE9E89010F6F8D27F70F6","94CFCABA2C9DA7C5D0F4669715712E43A681B7201A0CE9E89010F6F8D27F70F6","True"
"node-graph/nodes/brush/src/brush.rs","21064","8F5501C3355FD77EBE91DC5427FB7A38851D7BC6FB8BE4E724EF381407366B81","8F5501C3355FD77EBE91DC5427FB7A38851D7BC6FB8BE4E724EF381407366B81","True"
"node-graph/nodes/brush/src/brush_cache.rs","4089","617FC0C85A6769EA5E4E63132A43001E0DE13578CCFB3DD186355601421EE2C9","617FC0C85A6769EA5E4E63132A43001E0DE13578CCFB3DD186355601421EE2C9","True"
"node-graph/nodes/brush/src/brush_stroke.rs","3641","A1155CE0BE18E2C5409727C32AAB16B78B4E36F7CD8C4AD4811D79BC59E35DA8","A1155CE0BE18E2C5409727C32AAB16B78B4E36F7CD8C4AD4811D79BC59E35DA8","True"
"node-graph/nodes/brush/src/lib.rs","776","B96B2118EDF9FE77FC6B39ED63EDC6D173EBF462F27EDD37E98F13E054942B75","B96B2118EDF9FE77FC6B39ED63EDC6D173EBF462F27EDD37E98F13E054942B75","True"
"node-graph/nodes/gcore/Cargo.toml","929","24B8DE6A190E0A23BCE11855761650FDB2678D8EF6D292FD95494CEC159745C4","24B8DE6A190E0A23BCE11855761650FDB2678D8EF6D292FD95494CEC159745C4","True"
"node-graph/nodes/gcore/src/animation.rs","5685","44F69DDBC80F70C8B950512160C27EDE890FD91146A0B299AC8504B85AF83168","44F69DDBC80F70C8B950512160C27EDE890FD91146A0B299AC8504B85AF83168","True"
"node-graph/nodes/gcore/src/context.rs","4950","B748EFF80245F87A0FB0685C9A88154AAB9DED9E644B68E832CBC4F7604A17E2","B748EFF80245F87A0FB0685C9A88154AAB9DED9E644B68E832CBC4F7604A17E2","True"
"node-graph/nodes/gcore/src/context_modification.rs","4272","42F37CF535C7C5D925EC711614EFAEA950914E7CFB7DA37B829014DDEC382AFB","42F37CF535C7C5D925EC711614EFAEA950914E7CFB7DA37B829014DDEC382AFB","True"
"node-graph/nodes/gcore/src/debug.rs","519","58EEF254E0DFE888B5403F3928CD851B02B8D2DB4A7B4AC1F99E233347E77E6A","58EEF254E0DFE888B5403F3928CD851B02B8D2DB4A7B4AC1F99E233347E77E6A","True"
"node-graph/nodes/gcore/src/extract_xy.rs","976","9F7F933EF96D2743826CF78D05EDBE138EBFE8E2EB00C4EE4FC966A600412E6D","9F7F933EF96D2743826CF78D05EDBE138EBFE8E2EB00C4EE4FC966A600412E6D","True"
"node-graph/nodes/gcore/src/lib.rs","301","0F9CFF9545A920FE6EE69EABB83531717A6F51505BD8969D805EADA6D8B859E7","0F9CFF9545A920FE6EE69EABB83531717A6F51505BD8969D805EADA6D8B859E7","True"
"node-graph/nodes/gcore/src/memo.rs","2480","606478ACAB0E5AA8509BC355F9F8ABED29C13B679EF5B8F6F78107943297F984","606478ACAB0E5AA8509BC355F9F8ABED29C13B679EF5B8F6F78107943297F984","True"
"node-graph/nodes/gcore/src/ops.rs","4849","96349EA1EF9E04A29F1E8D75A919A7C9950C67832E6BB7304744132A53819439","96349EA1EF9E04A29F1E8D75A919A7C9950C67832E6BB7304744132A53819439","True"
"node-graph/nodes/graphic/Cargo.toml","479","88B746DF9D3EF9970ACED2A496458B853F3AF1B9449F05A3BF8E8A010CDFF433","88B746DF9D3EF9970ACED2A496458B853F3AF1B9449F05A3BF8E8A010CDFF433","True"
"node-graph/nodes/graphic/src/artboard.rs","2644","B3AAB9AC79E4ABAB3594147BB03C16D28404134E8E1562FB571757C934040637","B3AAB9AC79E4ABAB3594147BB03C16D28404134E8E1562FB571757C934040637","True"
"node-graph/nodes/graphic/src/graphic.rs","42100","6C8F6167A604F4AED55EC908429CA728F89A3A8BEEC5BA26219E876262C3694C","6C8F6167A604F4AED55EC908429CA728F89A3A8BEEC5BA26219E876262C3694C","True"
"node-graph/nodes/graphic/src/lib.rs","100","084ED660B93F754AAB88407A55F18A9004C1F4C13DF69725C72024BD55DDF6E5","084ED660B93F754AAB88407A55F18A9004C1F4C13DF69725C72024BD55DDF6E5","True"
"node-graph/nodes/gstd/Cargo.toml","2361","2E31443293549BADD9071B33A6654625A21A3FC57847FFC2E6B521B490C9E3FD","2E31443293549BADD9071B33A6654625A21A3FC57847FFC2E6B521B490C9E3FD","True"
"node-graph/nodes/gstd/src/any.rs","880","3D20571190B3C53C318CC4399E0AD858B7A82F808A0E86FF9475F5248BABB973","3D20571190B3C53C318CC4399E0AD858B7A82F808A0E86FF9475F5248BABB973","True"
"node-graph/nodes/gstd/src/lib.rs","2772","EA4BBAE72E57FC8AB573EA5823D3B0A99B95A92B7DDBA24DB06D78FE7D8BCB8E","EA4BBAE72E57FC8AB573EA5823D3B0A99B95A92B7DDBA24DB06D78FE7D8BCB8E","True"
"node-graph/nodes/gstd/src/platform_application_io.rs","12234","B554AEE313BF6D08CFADABA9556461D13D2FE825FF5B78B06C7E2973ED5E4170","B554AEE313BF6D08CFADABA9556461D13D2FE825FF5B78B06C7E2973ED5E4170","True"
"node-graph/nodes/gstd/src/render_background.rs","17129","629751E4A9E22B0DEB8562C6AB51F4D78F45057C583F62D15EE7976EBCF13154","629751E4A9E22B0DEB8562C6AB51F4D78F45057C583F62D15EE7976EBCF13154","True"
"node-graph/nodes/gstd/src/render_background_checker_rect.wgsl","1898","D84ECBCF97E563C0837CE575C8012E01075B6CAF26E9A7C910F7A1A266692D4D","D84ECBCF97E563C0837CE575C8012E01075B6CAF26E9A7C910F7A1A266692D4D","True"
"node-graph/nodes/gstd/src/render_background_checker_viewport.wgsl","1372","55C0DC73ACCC07D7042E20349489A92462BC596F1455D2301AE70F7F63007629","55C0DC73ACCC07D7042E20349489A92462BC596F1455D2301AE70F7F63007629","True"
"node-graph/nodes/gstd/src/render_background_fullscreen.wgsl","871","EB980A22AD135731E390F379CD71DD645DD2C9BCA4802A86FB511C1E62E78D6B","EB980A22AD135731E390F379CD71DD645DD2C9BCA4802A86FB511C1E62E78D6B","True"
"node-graph/nodes/gstd/src/render_cache.rs","16485","E70ECB6CA563D5A3E93016C838BAB285C08762EE9985D2D617283F2DE03FF276","E70ECB6CA563D5A3E93016C838BAB285C08762EE9985D2D617283F2DE03FF276","True"
"node-graph/nodes/gstd/src/render_node.rs","7517","6A2873995062DEA6B3827519E00ABAF685CE21F59FD9A8867B7704E9A76A32A1","6A2873995062DEA6B3827519E00ABAF685CE21F59FD9A8867B7704E9A76A32A1","True"
"node-graph/nodes/gstd/src/render_pixel_preview.rs","8091","8CE48218CA59B35A163DBD4C5FB3D1A89490A6B7E3A3CE2DA363B0339A566CA8","8CE48218CA59B35A163DBD4C5FB3D1A89490A6B7E3A3CE2DA363B0339A566CA8","True"
"node-graph/nodes/gstd/src/render_pixel_preview.wgsl","1259","D33A0499C5D58759E45F1A57FB99B2C92BC1A398A1AC2204F4D13AB5D4C1AFF7","D33A0499C5D58759E45F1A57FB99B2C92BC1A398A1AC2204F4D13AB5D4C1AFF7","True"
"node-graph/nodes/gstd/src/text.rs","4555","6BE931A55F882F8B7A810FFFF1F519D994383CC5D2AC7250B703D25D3DFA1DE8","6BE931A55F882F8B7A810FFFF1F519D994383CC5D2AC7250B703D25D3DFA1DE8","True"
"node-graph/nodes/math/Cargo.toml","500","48DDC79D9E28713AD479EF46FF008AEF6A145F4529C75379CDCD7EDCA2EB2C24","48DDC79D9E28713AD479EF46FF008AEF6A145F4529C75379CDCD7EDCA2EB2C24","True"
"node-graph/nodes/math/src/lib.rs","65896","1B66E83AC17F472BF8211826E3C6FEA643F401C3A82CC4400D91A062C7898A5B","1B66E83AC17F472BF8211826E3C6FEA643F401C3A82CC4400D91A062C7898A5B","True"
"node-graph/nodes/path-bool/Cargo.toml","546","F4ADD446685D685A6D4C9B9C107309B5303F9AC133B72649E66CBD0AE81F6AC1","F4ADD446685D685A6D4C9B9C107309B5303F9AC133B72649E66CBD0AE81F6AC1","True"
"node-graph/nodes/path-bool/src/lib.rs","16701","6471AC2DC109FAF456B4A7DA36CD5AA210F289BD726FD7DA5496A6AE9C554179","6471AC2DC109FAF456B4A7DA36CD5AA210F289BD726FD7DA5496A6AE9C554179","True"
"node-graph/nodes/raster/Cargo.toml","2097","8E9415E3A0E06C0A33853551FC4C7CF0706865F98E26256F85567E69236BD59E","8E9415E3A0E06C0A33853551FC4C7CF0706865F98E26256F85567E69236BD59E","True"
"node-graph/nodes/raster/shaders/build.rs","2332","259B64545B2CDF01DEC930E593FAC2D7D4048BA4274AA3DD45C456C275452776","259B64545B2CDF01DEC930E593FAC2D7D4048BA4274AA3DD45C456C275452776","True"
"node-graph/nodes/raster/shaders/Cargo.toml","343","A0F2A850ACE0166D6C81FFE4C808A4EA1CE7BF40A6E5C1287E40B382C572EFCE","A0F2A850ACE0166D6C81FFE4C808A4EA1CE7BF40A6E5C1287E40B382C572EFCE","True"
"node-graph/nodes/raster/shaders/entrypoint/Cargo.toml","303","B359CDD97B179C8C5B1A4B18EE04BD4CEF4B61C2BD1DC71F937D7226D93B24BC","B359CDD97B179C8C5B1A4B18EE04BD4CEF4B61C2BD1DC71F937D7226D93B24BC","True"
"node-graph/nodes/raster/shaders/entrypoint/src/lib.rs","36","73064DA5BE7334E438EFB66594A1A4622D724D3B6895D7B667DC47DD4245E8F4","73064DA5BE7334E438EFB66594A1A4622D724D3B6895D7B667DC47DD4245E8F4","True"
"node-graph/nodes/raster/shaders/src/lib.rs","78","F69D47067DA6DDC2A5AD4DDD8FFDBE687DFACDACF34387C295CD48BD0D35CF90","F69D47067DA6DDC2A5AD4DDD8FFDBE687DFACDACF34387C295CD48BD0D35CF90","True"
"node-graph/nodes/raster/src/adjust.rs","671","A876FA308A41E5D1474172CB4164022BD33E0172AA988CE22740825DC4893499","A876FA308A41E5D1474172CB4164022BD33E0172AA988CE22740825DC4893499","True"
"node-graph/nodes/raster/src/adjustments.rs","39934","DB2890AFEB59B88766CFB1DDFC4B27338244D50F2875B755EF16AD80F305CDDC","DB2890AFEB59B88766CFB1DDFC4B27338244D50F2875B755EF16AD80F305CDDC","True"
"node-graph/nodes/raster/src/blending_nodes.rs","8173","62EAF43C935AD852709927AED441F7AEC758BE9B7B34AF1BC06965791D36DA39","62EAF43C935AD852709927AED441F7AEC758BE9B7B34AF1BC06965791D36DA39","True"
"node-graph/nodes/raster/src/cubic_spline.rs","3688","78D8E85B0CEA00469E286CFDA2D2E783E0384C3E371FD1713C1716703C982A3E","78D8E85B0CEA00469E286CFDA2D2E783E0384C3E371FD1713C1716703C982A3E","True"
"node-graph/nodes/raster/src/dehaze.rs","9301","1F681BE44818FA351482515D2C7F2C55DDB317FC81BC7D2731DF32C7E0D0CC19","1F681BE44818FA351482515D2C7F2C55DDB317FC81BC7D2731DF32C7E0D0CC19","True"
"node-graph/nodes/raster/src/filter.rs","10504","1D69131BAEBE5415652B50A2789CEDAB7414850C53B3338A56650F8F4D2057C8","1D69131BAEBE5415652B50A2789CEDAB7414850C53B3338A56650F8F4D2057C8","True"
"node-graph/nodes/raster/src/fullscreen_vertex.rs","859","677750DD65119C2853D16AD8843421D72BD8ABCC9EEDEBC8410C42048DDB2C9F","677750DD65119C2853D16AD8843421D72BD8ABCC9EEDEBC8410C42048DDB2C9F","True"
"node-graph/nodes/raster/src/gradient_map.rs","1570","FDF3763EF38796AD6820BA3D6B05BF8A2E2CAECB7435999E13F5719176B5E2C2","FDF3763EF38796AD6820BA3D6B05BF8A2E2CAECB7435999E13F5719176B5E2C2","True"
"node-graph/nodes/raster/src/image_color_palette.rs","2212","EB8B09B6C8B6444FDCAA6A85165A875ADA3DFAFEF849882724E6AFDCF318916F","EB8B09B6C8B6444FDCAA6A85165A875ADA3DFAFEF849882724E6AFDCF318916F","True"
"node-graph/nodes/raster/src/lib.rs","483","156BBB9F99F61DA20DE19FEC9286804158734E2BE635F859D3073195F1E8CF98","156BBB9F99F61DA20DE19FEC9286804158734E2BE635F859D3073195F1E8CF98","True"
"node-graph/nodes/raster/src/std_nodes.rs","21298","E4237F037BC9584264E97DCE68C3F62C06E02397C87CC20CC942A02637C11A6B","E4237F037BC9584264E97DCE68C3F62C06E02397C87CC20CC942A02637C11A6B","True"
"node-graph/nodes/repeat/Cargo.toml","822","DB1C8681C1FA69B36480030FCF630D7E76E5E6841328D99DA0C210BCD58A6035","DB1C8681C1FA69B36480030FCF630D7E76E5E6841328D99DA0C210BCD58A6035","True"
"node-graph/nodes/repeat/src/lib.rs","173","F17E65381184D52BDC69470504F975A2557515DF28AD21A5441EA0719701AF25","F17E65381184D52BDC69470504F975A2557515DF28AD21A5441EA0719701AF25","True"
"node-graph/nodes/repeat/src/repeat_nodes.rs","14117","ADE5D282BC811ABBDAAD33B0750E896F394E96C85831FB536D0286F7190A81D4","ADE5D282BC811ABBDAAD33B0750E896F394E96C85831FB536D0286F7190A81D4","True"
"node-graph/nodes/text/Cargo.toml","1136","76BA4294A6D414A7467E02B87AA0C5F17ABEE55CF22B13E39E3677D2A1E8BB15","76BA4294A6D414A7467E02B87AA0C5F17ABEE55CF22B13E39E3677D2A1E8BB15","True"
"node-graph/nodes/text/src/fallback.rs","251","C715E3EAF10474EEECB7103CBDBEA81AC123FA84083BBF71CDFA01E3D4D40C4A","C715E3EAF10474EEECB7103CBDBEA81AC123FA84083BBF71CDFA01E3D4D40C4A","True"
"node-graph/nodes/text/src/font.rs","2115","31D871909998F55E8AD32277B4D2CA41E848A8E8174FD903FF8432804D63C70E","31D871909998F55E8AD32277B4D2CA41E848A8E8174FD903FF8432804D63C70E","True"
"node-graph/nodes/text/src/json.rs","18011","B216E089D83ADA603E956A26FB8BE8D72817665B7DEA3D0126A5E82AFF615471","B216E089D83ADA603E956A26FB8BE8D72817665B7DEA3D0126A5E82AFF615471","True"
"node-graph/nodes/text/src/lib.rs","32671","748786F8088779BF0F26AA9057C5AB78E710F294CCF05392B291563574E0351A","748786F8088779BF0F26AA9057C5AB78E710F294CCF05392B291563574E0351A","True"
"node-graph/nodes/text/src/path_builder.rs","11947","D52BAB3661F4DDBB0A75043AB2CBCB455FC52411DF9D19C66C93A82FC12247AE","D52BAB3661F4DDBB0A75043AB2CBCB455FC52411DF9D19C66C93A82FC12247AE","True"
"node-graph/nodes/text/src/regex.rs","9305","E25C86C9E2BE8475CD6035A902F970C263992CF1079455F89E9B72B550A7A88B","E25C86C9E2BE8475CD6035A902F970C263992CF1079455F89E9B72B550A7A88B","True"
"node-graph/nodes/text/src/source-sans-pro-regular.ttf","119080","869F06E42D1A755A32F253A73F81235925CF27B686BA7702CE1F03FCC7738631","869F06E42D1A755A32F253A73F81235925CF27B686BA7702CE1F03FCC7738631","True"
"node-graph/nodes/text/src/text_context.rs","7990","AE71D2D55D20ACC6EDE00A9F1AB5AF1C328E6893AC819D075E91B9517C444AE8","AE71D2D55D20ACC6EDE00A9F1AB5AF1C328E6893AC819D075E91B9517C444AE8","True"
"node-graph/nodes/text/src/to_path.rs","4103","A4789DE2452B80588E96C59D6EB6C49A8FB9FA30EC0BBA7825A3219570EC3D77","A4789DE2452B80588E96C59D6EB6C49A8FB9FA30EC0BBA7825A3219570EC3D77","True"
"node-graph/nodes/transform/Cargo.toml","582","0BF66C9A4372690BA0FC4C6B1056C4AAC2BF94C87176D2C500FDB08424A5C8DF","0BF66C9A4372690BA0FC4C6B1056C4AAC2BF94C87176D2C500FDB08424A5C8DF","True"
"node-graph/nodes/transform/src/lib.rs","157","38B610A8C5A64AEFF88E65B0B501DC33C83650D8252DFEEF5621C5B98E4580C0","38B610A8C5A64AEFF88E65B0B501DC33C83650D8252DFEEF5621C5B98E4580C0","True"
"node-graph/nodes/transform/src/transform_nodes.rs","7440","4F117696AAE3778394F1772A0E7C5FE167D4B0E7766C2424DBE1C197B29A6711","4F117696AAE3778394F1772A0E7C5FE167D4B0E7766C2424DBE1C197B29A6711","True"
"node-graph/nodes/vector/Cargo.toml","1221","ADD917BFAF46F84770FE146FF9F4975472BEA698A1495901194C827FFA90734F","ADD917BFAF46F84770FE146FF9F4975472BEA698A1495901194C827FFA90734F","True"
"node-graph/nodes/vector/src/generator_nodes.rs","16725","F15A6EB0403DFEEDA25D2847D26F598AB7ED2A81EB32BBBE4889182079A2DF34","F15A6EB0403DFEEDA25D2847D26F598AB7ED2A81EB32BBBE4889182079A2DF34","True"
"node-graph/nodes/vector/src/lib.rs","344","56D8711D2B93E9612A88770067E2A00755AC5CE1651D5AEE82D3F7C513B62524","56D8711D2B93E9612A88770067E2A00755AC5CE1651D5AEE82D3F7C513B62524","True"
"node-graph/nodes/vector/src/merge_qr_squares.rs","3123","ABF7AF478D90C86BFC5A968F2CEDFF6EBD4F82183503066EC9BA4D97198E7BD8","ABF7AF478D90C86BFC5A968F2CEDFF6EBD4F82183503066EC9BA4D97198E7BD8","True"
"node-graph/nodes/vector/src/vector_modification_nodes.rs","1984","02B99A32A9AB617958D233E6DEE151E27FA73831309DA06D567F376E76F3F971","02B99A32A9AB617958D233E6DEE151E27FA73831309DA06D567F376E76F3F971","True"
"node-graph/nodes/vector/src/vector_nodes.rs","158141","A47EBB613B2A66863BF2820ECF10B031970502117179798C1FEC0C2C9690A80C","A47EBB613B2A66863BF2820ECF10B031970502117179798C1FEC0C2C9690A80C","True"
"node-graph/nodes/vector/src/voronoi.rs","17822","5424ECFCF2F1D844EC8B45A0A1B9A4671CB82F652F41BA6142A0E5BC681F61C6","5424ECFCF2F1D844EC8B45A0A1B9A4671CB82F652F41BA6142A0E5BC681F61C6","True"
"node-graph/preprocessor/Cargo.toml","338","1BAC095B41C4D4195F08ACB3692A727B4A675E1519E99655BF502074E1AB20FF","1BAC095B41C4D4195F08ACB3692A727B4A675E1519E99655BF502074E1AB20FF","True"
"node-graph/preprocessor/src/lib.rs","15819","66C044C9890E2C6796A3C0F11138256C18FE9EE6D444E285C7C3CD172B58401E","66C044C9890E2C6796A3C0F11138256C18FE9EE6D444E285C7C3CD172B58401E","True"
"node-graph/README.md","11686","6BABED74948F7EB4F54CEF2EF7C331555682D9DB9188D54D993F1F49ED86876B","6BABED74948F7EB4F54CEF2EF7C331555682D9DB9188D54D993F1F49ED86876B","True"
"node-graph/rfcs/document-format.md","44255","A23AF6A263F5ED8D50CF032588EF13AB0BCCC75DB0F1756AEA9566E6CE0A80E1","A23AF6A263F5ED8D50CF032588EF13AB0BCCC75DB0F1756AEA9566E6CE0A80E1","True"
"node-graph/rfcs/fine-grained-context-caching.md","9934","39FA02D67A40349453CEE498BC7EB2D3732C5D342D534B555776BBE59839CA83","39FA02D67A40349453CEE498BC7EB2D3732C5D342D534B555776BBE59839CA83","True"
"proc-macros/Cargo.toml","807","BB35827CACDF017F11AB11D408B4162B2D0A6C4E87B5D4CA6B932FE9E81C6C57","BB35827CACDF017F11AB11D408B4162B2D0A6C4E87B5D4CA6B932FE9E81C6C57","True"
"proc-macros/src/as_message.rs","1150","85F5166A9B37DDD5A2D6FFFCC690BF1F05243C8AD10D30FDC478EE301570B6E4","85F5166A9B37DDD5A2D6FFFCC690BF1F05243C8AD10D30FDC478EE301570B6E4","True"
"proc-macros/src/combined_message_attrs.rs","3812","3F3A8BB466117FDD7070A49169F7D484C3D8286BEBE61FA93690C4A7D0A2D610","3F3A8BB466117FDD7070A49169F7D484C3D8286BEBE61FA93690C4A7D0A2D610","True"
"proc-macros/src/discriminant.rs","3586","F7AF6FB5288934B9FECEDADC7755B46898586A13F95DCAD21C3637EDA46E6213","F7AF6FB5288934B9FECEDADC7755B46898586A13F95DCAD21C3637EDA46E6213","True"
"proc-macros/src/editor_commands.rs","4186","3B140637800067CFA2B662234BE98DCDC58931316AC244F81CDBDD296F3BAF08","3B140637800067CFA2B662234BE98DCDC58931316AC244F81CDBDD296F3BAF08","True"
"proc-macros/src/extract_fields.rs","1813","90968D88993ACACF94B30E7D5666EA31D9962C9C8D984F55AC937146AE3002A7","90968D88993ACACF94B30E7D5666EA31D9962C9C8D984F55AC937146AE3002A7","True"
"proc-macros/src/helper_structs.rs","4547","E5759D60F67EE41B5B3261472A6DC5581C440444EC0EEA8504C901C95B002743","E5759D60F67EE41B5B3261472A6DC5581C440444EC0EEA8504C901C95B002743","True"
"proc-macros/src/helpers.rs","3548","D170C668B67F3C98250018FF8D402F79FCF7CA285726139425826A6F1BBA3736","D170C668B67F3C98250018FF8D402F79FCF7CA285726139425826A6F1BBA3736","True"
"proc-macros/src/hierarchical_tree.rs","4195","91347FC6E1F5C1F5E222ADC4E1144A567A7712218AE410E79FEF5F373682F724","91347FC6E1F5C1F5E222ADC4E1144A567A7712218AE410E79FEF5F373682F724","True"
"proc-macros/src/hint.rs","2815","7E266CF1FC8B7D0983011BD5F84258598BC993C5A83804D0AE63D16BA6FBCE7D","7E266CF1FC8B7D0983011BD5F84258598BC993C5A83804D0AE63D16BA6FBCE7D","True"
"proc-macros/src/lib.rs","14639","DCF3CB0BDBCD6E05348BD0C497E8574099AE2A0FB47FA39F839A3CD26CDAA5B7","DCF3CB0BDBCD6E05348BD0C497E8574099AE2A0FB47FA39F839A3CD26CDAA5B7","True"
"proc-macros/src/message_handler_data_attr.rs","3920","D1472B59316C00277E19C88CED44DA88F4E51AECE77AF96363186BF015D3D0E1","D1472B59316C00277E19C88CED44DA88F4E51AECE77AF96363186BF015D3D0E1","True"
"proc-macros/src/transitive_child.rs","1481","19FA2410A82E6E999EAAFAFB77D207E266E5E72F5F75CF593493F61F69556E9F","19FA2410A82E6E999EAAFAFB77D207E266E5E72F5F75CF593493F61F69556E9F","True"
"proc-macros/src/widget_builder.rs","7290","13277138F416E1B9B0480971AE424FA271FC2B28F4E81E7841701F8114D7F369","13277138F416E1B9B0480971AE424FA271FC2B28F4E81E7841701F8114D7F369","True"
"README.md","5914","1248116B3912C60795B4E7822B43AFC61DD125304BC62134F9D41115B05CE99D","1248116B3912C60795B4E7822B43AFC61DD125304BC62134F9D41115B05CE99D","True"
"rustfmt.toml","532","85245E2C23516B40C79641E3095F5AF74BA26322570CB450873881BCB967C702","85245E2C23516B40C79641E3095F5AF74BA26322570CB450873881BCB967C702","True"
"tools/cargo-run/Cargo.toml","229","10F0ED78DB980D1601AEA5C595B6699A1AE8D5433FEB1FCC50E98CE31BCE7EAA","10F0ED78DB980D1601AEA5C595B6699A1AE8D5433FEB1FCC50E98CE31BCE7EAA","True"
"tools/cargo-run/internal/download/Cargo.toml","430","7C1A586124DC44A34ED4F222BFBF6B56FEB8423A74E078349172BBFA50437E8E","7C1A586124DC44A34ED4F222BFBF6B56FEB8423A74E078349172BBFA50437E8E","True"
"tools/cargo-run/internal/download/src/main.rs","5838","53341E5F591C2D6B8ABA38EB21CEB48A8EBF54EC44060D781672FE8998D0E8DA","53341E5F591C2D6B8ABA38EB21CEB48A8EBF54EC44060D781672FE8998D0E8DA","True"
"tools/cargo-run/internal/watch/Cargo.toml","240","B5E9BB32631C015B9DDA8433D3B715FF5B897EA892BC8DEEB1BF2CBC780A3265","B5E9BB32631C015B9DDA8433D3B715FF5B897EA892BC8DEEB1BF2CBC780A3265","True"
"tools/cargo-run/internal/watch/src/main.rs","2778","40FE0FC2DAA522A49699381DB6D2CA3747F0219E8E2AEE6DD7B9C52DDE73FC89","40FE0FC2DAA522A49699381DB6D2CA3747F0219E8E2AEE6DD7B9C52DDE73FC89","True"
"tools/cargo-run/src/branding.rs","1354","2C094281C57F160737FAFF13D3432AE091F49E6DF8B09064A8AB9797C2541E1B","2C094281C57F160737FAFF13D3432AE091F49E6DF8B09064A8AB9797C2541E1B","True"
"tools/cargo-run/src/cmd.rs","8443","CCD8A5A0B4BAA9F1E5C5D841BA8347DF3B2198D2BF54630306F686DFFFE18094","CCD8A5A0B4BAA9F1E5C5D841BA8347DF3B2198D2BF54630306F686DFFFE18094","True"
"tools/cargo-run/src/frontend.rs","4203","D54678B78D016BB486AD6F9D8C0D2D1420426B4545B289DE3E3192C1ECB4224D","D54678B78D016BB486AD6F9D8C0D2D1420426B4545B289DE3E3192C1ECB4224D","True"
"tools/cargo-run/src/lib.rs","2117","51C9618458AC11820BB2925D2FD80A06ED55577221D93F51BEC28685D15B7333","51C9618458AC11820BB2925D2FD80A06ED55577221D93F51BEC28685D15B7333","True"
"tools/cargo-run/src/main.rs","5264","240BB3E80F4D6F6EF6434B1DE2793A0FBA05C3673F9B12BD884EE7BC1A0EE9CE","240BB3E80F4D6F6EF6434B1DE2793A0FBA05C3673F9B12BD884EE7BC1A0EE9CE","True"
"tools/cargo-run/src/requirements.rs","9856","CE65D7912F9C415AD23C3054520792AD44C50EF1A4EFFA33A742276C46530371","CE65D7912F9C415AD23C3054520792AD44C50EF1A4EFFA33A742276C46530371","True"
"tools/cargo-run/src/requirements/wasm_opt.rs","2100","9C93E72E5EBCA477D5AE9C3AC34FDB98D2CD2B9495F174FFBAD44210E3DF377A","9C93E72E5EBCA477D5AE9C3AC34FDB98D2CD2B9495F174FFBAD44210E3DF377A","True"
"tools/crate-hierarchy-viz/.gitignore","18","D19BC9517F571A96585F6575F1527A02A0BD56AA35FB7890600814ED9C7EC47B","D19BC9517F571A96585F6575F1527A02A0BD56AA35FB7890600814ED9C7EC47B","True"
"tools/crate-hierarchy-viz/Cargo.toml","320","2CF16F01C91D1CC2525D97E16FCD0C56DD76E805E9DD98620BCC468A7994E995","2CF16F01C91D1CC2525D97E16FCD0C56DD76E805E9DD98620BCC468A7994E995","True"
"tools/crate-hierarchy-viz/src/main.rs","10608","2F1AA3BC3FF62CFE3550C5387A620DA2FF4E5D57AAAEBF6C979EE3D659AA175D","2F1AA3BC3FF62CFE3550C5387A620DA2FF4E5D57AAAEBF6C979EE3D659AA175D","True"
"tools/editor-message-tree/Cargo.toml","337","79A811DF6236DE74FB3D2AB1AD938BAC7CFDEA83B2A73A9B623E2BCE900E4EB6","79A811DF6236DE74FB3D2AB1AD938BAC7CFDEA83B2A73A9B623E2BCE900E4EB6","True"
"tools/editor-message-tree/src/main.rs","9893","69F64A695A26BFA064DBAEACF6C778BC2E12E816E86E05FAA97E8D9CD5E31C78","69F64A695A26BFA064DBAEACF6C778BC2E12E816E86E05FAA97E8D9CD5E31C78","True"
"tools/node-docs/Cargo.toml","529","FAFF1F3FBF203A77DF742D13A40256EFA6D5F8747D8267848E881CCB3C660E55","FAFF1F3FBF203A77DF742D13A40256EFA6D5F8747D8267848E881CCB3C660E55","True"
"tools/node-docs/src/main.rs","1853","BB11ACCB08D433A6EA07D304E8969315F4757280570DBFF0D2829B6E4458DB6F","BB11ACCB08D433A6EA07D304E8969315F4757280570DBFF0D2829B6E4458DB6F","True"
"tools/node-docs/src/page_catalog.rs","2438","111E7BD7E5F17E413DFAA9B57016F0ADB3E982DB6965E35B321045F2137B387A","111E7BD7E5F17E413DFAA9B57016F0ADB3E982DB6965E35B321045F2137B387A","True"
"tools/node-docs/src/page_category.rs","3274","5FCE894AD4F2C3458C2B523D7F1E06486981A2AD8190BDF00BF543A1E1A25510","5FCE894AD4F2C3458C2B523D7F1E06486981A2AD8190BDF00BF543A1E1A25510","True"
"tools/node-docs/src/page_node.rs","8157","F2607CEAAE8B36E855B7894322BC7C500630BC31090925BFC0B8A0850DC2EEA9","F2607CEAAE8B36E855B7894322BC7C500630BC31090925BFC0B8A0850DC2EEA9","True"
"tools/node-docs/src/utility.rs","5661","5B9D5F6F3B7EE9F783E61FD686412E16E89B567600BED2C11CEE67B1063B0A82","5B9D5F6F3B7EE9F783E61FD686412E16E89B567600BED2C11CEE67B1063B0A82","True"
"tools/third-party-licenses/.gitignore","7","4750155CA07A4EC44BB46E983E858861B9A5BE0C87D24119BAC53F272B63C19F","4750155CA07A4EC44BB46E983E858861B9A5BE0C87D24119BAC53F272B63C19F","True"
"tools/third-party-licenses/build.rs","518","0438B8F76BB6DFEDA59303B1CB18ED82B09CA3FFB368652716FE9F57BFF29B34","0438B8F76BB6DFEDA59303B1CB18ED82B09CA3FFB368652716FE9F57BFF29B34","True"
"tools/third-party-licenses/Cargo.toml","503","5CB21C150313D0F24CFD9DCA8338067EF53B8740AEF4C48FB6253C0E95CC6B84","5CB21C150313D0F24CFD9DCA8338067EF53B8740AEF4C48FB6253C0E95CC6B84","True"
"tools/third-party-licenses/src/cargo.rs","2515","742098E8180B525A36FB43ABC4F8F865ACB518DD3F8017685E626835DB328A1D","742098E8180B525A36FB43ABC4F8F865ACB518DD3F8017685E626835DB328A1D","True"
"tools/third-party-licenses/src/cef.rs","2729","D3C3CE270C896F1A56BA5C9C277E544CBB4524DBF1625645A97799A1A1EA72E1","D3C3CE270C896F1A56BA5C9C277E544CBB4524DBF1625645A97799A1A1EA72E1","True"
"tools/third-party-licenses/src/main.rs","7496","A34069F6C7819EBEDD1822EC289D7239980E76075BE25133ABDE50AC8A4ECDD5","A34069F6C7819EBEDD1822EC289D7239980E76075BE25133ABDE50AC8A4ECDD5","True"
"tools/third-party-licenses/src/npm.rs","2391","42A67DF2D4B68227CEE06E8B42D13D69F5002C25363EECEDC592BCB0C227A994","42A67DF2D4B68227CEE06E8B42D13D69F5002C25363EECEDC592BCB0C227A994","True"
"website/.build-scripts/install.ts","8317","B349EDF4E3CFFE9D1FC2420EDFE5E745F2F7813EBDF2480A15A74B129781C8E4","B349EDF4E3CFFE9D1FC2420EDFE5E745F2F7813EBDF2480A15A74B129781C8E4","True"
"website/.gitignore","81","9780582EFBDF4A4979BB20609548BFCC4B6D905613A1CF2FF4DC3A43DC355FD8","9780582EFBDF4A4979BB20609548BFCC4B6D905613A1CF2FF4DC3A43DC355FD8","True"
"website/config.toml","382","B7F6C2483702C93E5A9CC1C917308DBDF67340BD6BAAC3BBAE35EC3522D18854","B7F6C2483702C93E5A9CC1C917308DBDF67340BD6BAAC3BBAE35EC3522D18854","True"
"website/content/_index.md","21965","B99E0C382BD795425EC0FC8E943FEC2FCDA0046B90DFA2C33E51B800FA9BE103","B99E0C382BD795425EC0FC8E943FEC2FCDA0046B90DFA2C33E51B800FA9BE103","True"
"website/content/about.md","8138","6C27B6F57FDE15E849FF20D00AF7393B769D6BC714EE920B79A1C4529A785134","6C27B6F57FDE15E849FF20D00AF7393B769D6BC714EE920B79A1C4529A785134","True"
"website/content/blog/_index.md","455","2A7BE44FDFD83EC75BE2877767F6142C34F1E76BDC9497FB3F0537E381858DE3","2A7BE44FDFD83EC75BE2877767F6142C34F1E76BDC9497FB3F0537E381858DE3","True"
"website/content/blog/2022-02-12-announcing-graphite-alpha.md","2332","E6C9FA99992F63B2512359AF21BA656CE58B4795CF33B531ACA3B9D4C479BB2F","E6C9FA99992F63B2512359AF21BA656CE58B4795CF33B531ACA3B9D4C479BB2F","True"
"website/content/blog/2022-03-12-graphite-a-vision-for-the-future-of-2d-content-creation.md","2791","907D9BB1D19047858581E238DC9A45FCF53B8D21CFD736FF46BC821374D2BCFA","907D9BB1D19047858581E238DC9A45FCF53B8D21CFD736FF46BC821374D2BCFA","True"
"website/content/blog/2022-05-12-distributed-computing-in-the-graphene-runtime.md","11385","89B7ABE52F2301D2AEE2245F45D269F2410EBEE4FC5BF7623D4667C64C9F13A3","89B7ABE52F2301D2AEE2245F45D269F2410EBEE4FC5BF7623D4667C64C9F13A3","True"
"website/content/blog/2024-01-01-looking-back-on-2023-and-what's-next.md","28078","83789E1D16F6D2375A389ED95C7B9B1147891D04D082E7D1C6E93A997B5DF5C3","83789E1D16F6D2375A389ED95C7B9B1147891D04D082E7D1C6E93A997B5DF5C3","True"
"website/content/blog/2024-02-22-graphite-internships-announcing-participation-in-gsoc-2024.md","3071","2C8C09104C28493F4FD97FEE52B5A133AF725257E2C10E6D7AE360404E1A318B","2C8C09104C28493F4FD97FEE52B5A133AF725257E2C10E6D7AE360404E1A318B","True"
"website/content/blog/2024-05-09-graphite-progress-report-q1-2024.md","21616","02289661F1A93021684E1B815F95EBE05927AE5965FFAE8BAA1BD967A3FF667F","02289661F1A93021684E1B815F95EBE05927AE5965FFAE8BAA1BD967A3FF667F","True"
"website/content/blog/2024-07-31-graphite-progress-report-q2-2024.md","18862","4F516A2B56F8CC95D18BE7FEC28399A6EA7A6DCCEFE789CB028FBE2137494DFE","4F516A2B56F8CC95D18BE7FEC28399A6EA7A6DCCEFE789CB028FBE2137494DFE","True"
"website/content/blog/2024-10-15-graphite-progress-report-q3-2024.md","34525","C17CA768576157CA155D91F46BBC154EE48E7A09CA16DBB80D7FA93BD9F02385","C17CA768576157CA155D91F46BBC154EE48E7A09CA16DBB80D7FA93BD9F02385","True"
"website/content/blog/2025-01-16-year-in-review-2024-highlights-and-a-peek-at-2025.md","31372","D18F91923607E0D90FBD9EA12E4F2AD42298EDEA1096801AC58616B941F15142","D18F91923607E0D90FBD9EA12E4F2AD42298EDEA1096801AC58616B941F15142","True"
"website/content/blog/2025-03-31-graphite-progress-report-q4-2024.md","31391","47AE55CE96A525C6F5C4B849E121AD745685A9201534EED36738D5078445C67E","47AE55CE96A525C6F5C4B849E121AD745685A9201534EED36738D5078445C67E","True"
"website/content/blog/2025-04-02-internships-for-a-rust-graphics-engine-gsoc-2025.md","4365","4F2E9D6362F6DD36120EFE8B60F59C69B074F52969BE08CA5EE7A43FD446D1F9","4F2E9D6362F6DD36120EFE8B60F59C69B074F52969BE08CA5EE7A43FD446D1F9","True"
"website/content/blog/2025-09-19-graphite-community-meetup-in-germany.md","2530","DB858FE6962DDD528733003C85F7BBCEF22E313D04EDACA68EDFA2B1D8E1B02D","DB858FE6962DDD528733003C85F7BBCEF22E313D04EDACA68EDFA2B1D8E1B02D","True"
"website/content/contact.md","643","5FA930E0907B0ECF806E3FBE6FC41A25969C34CCB38E3D051B927E1FFC5D87EF","5FA930E0907B0ECF806E3FBE6FC41A25969C34CCB38E3D051B927E1FFC5D87EF","True"
"website/content/donate.md","7676","C14A1419EA8078DF4BA0C8C09D320F380196030FEFDBBF220F01472C11A5FE0E","C14A1419EA8078DF4BA0C8C09D320F380196030FEFDBBF220F01472C11A5FE0E","True"
"website/content/features.md","24361","3E3B1EA44A9DD731893C3FB85825902583EA8D82274DFACE28E6FFF50C45A850","3E3B1EA44A9DD731893C3FB85825902583EA8D82274DFACE28E6FFF50C45A850","True"
"website/content/learn/_index.md","1130","F05207A858567639DF68319FDC239E5C497AA51D5945A755DC72A81E870EF69C","F05207A858567639DF68319FDC239E5C497AA51D5945A755DC72A81E870EF69C","True"
"website/content/learn/_outline_draft.md","3672","2C4E948D1BD4148C6CBF94B3DE77060DC683CD5E7E6163F3965ADE929AEC8EC0","2C4E948D1BD4148C6CBF94B3DE77060DC683CD5E7E6163F3965ADE929AEC8EC0","True"
"website/content/learn/interface/_index.md","8291","9A5289D0ECA40AD4F80B9829E17B9F8056DCAAE32D2D37CC9D0889BB01AF50DE","9A5289D0ECA40AD4F80B9829E17B9F8056DCAAE32D2D37CC9D0889BB01AF50DE","True"
"website/content/learn/interface/document-panel.md","11598","A1FFA85841541A80CAF7AE1C1821FCF942ACBBBA87138BD44B513D004DDF22B1","A1FFA85841541A80CAF7AE1C1821FCF942ACBBBA87138BD44B513D004DDF22B1","True"
"website/content/learn/interface/menu-bar.md","14375","2CDDA977E8C3EF6B56B3FE653AFEEA2F6E94F67452F071C0E8598D00718B4EC3","2CDDA977E8C3EF6B56B3FE653AFEEA2F6E94F67452F071C0E8598D00718B4EC3","True"
"website/content/learn/introduction/_index.md","749","49454CE70CBD726658A2F5DF0CE89D6B857C9955D4B94E63DF3357DE815D96DB","49454CE70CBD726658A2F5DF0CE89D6B857C9955D4B94E63DF3357DE815D96DB","True"
"website/content/learn/introduction/features-and-limitations.md","8432","BA96D2D7C50AEC23DC2282A054C1CCC446D043F170FECAFFE6306261D364DC73","BA96D2D7C50AEC23DC2282A054C1CCC446D043F170FECAFFE6306261D364DC73","True"
"website/content/license.md","12647","5BFEBCA1C0E334EBD2275530AF9C69CC5B2DC937D22CABD11A1E15888A52EC93","5BFEBCA1C0E334EBD2275530AF9C69CC5B2DC937D22CABD11A1E15888A52EC93","True"
"website/content/logo.md","6430","60F868CF09977DB16EDECB6758694CDBC9492048516AAAFE55327E0494768EC2","60F868CF09977DB16EDECB6758694CDBC9492048516AAAFE55327E0494768EC2","True"
"website/content/press.md","646","6F56AE9D060006AA4EA54828D57E66E4C3935E4F9E358AA8FACA1D6FA6B0EE52","6F56AE9D060006AA4EA54828D57E66E4C3935E4F9E358AA8FACA1D6FA6B0EE52","True"
"website/content/privacy-policy.md","1102","4009C223A38495BFEA4B2591D70676457104F4546F9F98B6215A2D33E9EF37EF","4009C223A38495BFEA4B2591D70676457104F4546F9F98B6215A2D33E9EF37EF","True"
"website/content/volunteer/_index.md","4162","7B780310BDB14DD74961E3674EDDDBB4979E42892E49930F0DEB10AC647AE3B4","7B780310BDB14DD74961E3674EDDDBB4979E42892E49930F0DEB10AC647AE3B4","True"
"website/content/volunteer/guide/_index.md","2778","8C36BA761F2A973B3F4AD5D5172F7BE28777D174082AED973011F1E8F0A5C68C","8C36BA761F2A973B3F4AD5D5172F7BE28777D174082AED973011F1E8F0A5C68C","True"
"website/content/volunteer/guide/codebase-overview/_index.md","4310","554AA6B37CD4126AFA95898006FE09FC9FD8BE39A9DEC3986403544C07A1B349","554AA6B37CD4126AFA95898006FE09FC9FD8BE39A9DEC3986403544C07A1B349","True"
"website/content/volunteer/guide/codebase-overview/debugging-tips.md","5731","D07EDD2C4AF999845EE69DF6150D9F9F92E9C03E98024D41952516D9F995BF10","D07EDD2C4AF999845EE69DF6150D9F9F92E9C03E98024D41952516D9F995BF10","True"
"website/content/volunteer/guide/codebase-overview/editor-structure.md","6453","74F6E752539B2EF03561FAAC371ECE0E867EFE79C1FACBAA03606346F95BC5F5","74F6E752539B2EF03561FAAC371ECE0E867EFE79C1FACBAA03606346F95BC5F5","True"
"website/content/volunteer/guide/graphene/_index.md","9777","698BCD56E950C604D30731EDDB3564FBD9AEDE8194D1BC8EFEFEE8F3747A6D6C","698BCD56E950C604D30731EDDB3564FBD9AEDE8194D1BC8EFEFEE8F3747A6D6C","True"
"website/content/volunteer/guide/graphene/networks-and-nodes.md","2296","8E11008B7EACCB372D548EA5D01C392F9BC467D83A9DC9734C79897665EFCDFE","8E11008B7EACCB372D548EA5D01C392F9BC467D83A9DC9734C79897665EFCDFE","True"
"website/content/volunteer/guide/project-setup/_index.md","2775","21D0F65832A7E539EBB0D9A0A077570B24E946D6C228C4BA321501D05C3AAD33","21D0F65832A7E539EBB0D9A0A077570B24E946D6C228C4BA321501D05C3AAD33","True"
"website/content/volunteer/guide/starting-a-task/_index.md","1548","ED6D9191E350057A9BBAD3A2E0E8375A5749DF739FF44C019FBA011A01AFD3C7","ED6D9191E350057A9BBAD3A2E0E8375A5749DF739FF44C019FBA011A01AFD3C7","True"
"website/content/volunteer/guide/starting-a-task/ai-contribution-policy.md","1795","BBCB13EA22AA33EB88E055E3B98D7B5FFC2225F99F2457E2CDEB5F6AA1F143F2","BBCB13EA22AA33EB88E055E3B98D7B5FFC2225F99F2457E2CDEB5F6AA1F143F2","True"
"website/content/volunteer/guide/starting-a-task/code-quality-guidelines.md","3507","6F9DA5303B8D3E959F7927798F75FAC7CF87942D7F96B02D35323235A6E75869","6F9DA5303B8D3E959F7927798F75FAC7CF87942D7F96B02D35323235A6E75869","True"
"website/content/volunteer/guide/starting-a-task/submitting-a-contribution.md","13313","499B1C93147E166A07039D1EA304DFA700F7C686B1A3C245191B060BB3DA37C7","499B1C93147E166A07039D1EA304DFA700F7C686B1A3C245191B060BB3DA37C7","True"
"website/content/volunteer/guide/student-projects/_index.md","20662","89A0D4F8EF9D4C70110495FC23088C91B390FE3877DB37E839CB8B427F37DC38","89A0D4F8EF9D4C70110495FC23088C91B390FE3877DB37E839CB8B427F37DC38","True"
"website/content/volunteer/guide/student-projects/completed-projects.md","9414","CF25E0E78FA535EBDD1259B21FCC68349A7BD140A3EEAD0D11AF93A7F5E24058","CF25E0E78FA535EBDD1259B21FCC68349A7BD140A3EEAD0D11AF93A7F5E24058","True"
"website/eslint.config.js","3391","3E5879DF0A602F82FC21122359DA83CCB3CC280EC03DC234A6CFF2C23E893FE7","3E5879DF0A602F82FC21122359DA83CCB3CC280EC03DC234A6CFF2C23E893FE7","True"
"website/package.json","1101","5E2BBB0E858A2D187FBD7E278A8CA4C5D01D1082838C3158A7EB7088FBDD97E0","5E2BBB0E858A2D187FBD7E278A8CA4C5D01D1082838C3158A7EB7088FBDD97E0","True"
"website/package-lock.json","143011","8C61D3B912BBE1B78DE69FF1415B8D48DFE7EF97E39899FC9C4C1D1684C4DFD3","8C61D3B912BBE1B78DE69FF1415B8D48DFE7EF97E39899FC9C4C1D1684C4DFD3","True"
"website/sass/base.scss","15053","08291D9170DD73FBD31DDA402A8CD4E047D75D890BF7679CCD00A0A14DE51FD1","08291D9170DD73FBD31DDA402A8CD4E047D75D890BF7679CCD00A0A14DE51FD1","True"
"website/sass/component/carousel.scss","3660","CA33D388F14AADFA22B3198DA5C4B9796D392886B25C1E75C271D5C69F477C8F","CA33D388F14AADFA22B3198DA5C4B9796D392886B25C1E75C271D5C69F477C8F","True"
"website/sass/component/code-snippet.scss","770","5B2ACEEAC5B983E6785EE4DF3AC68104AF9EA32D914D3C69B8AAA4B98B52425E","5B2ACEEAC5B983E6785EE4DF3AC68104AF9EA32D914D3C69B8AAA4B98B52425E","True"
"website/sass/component/demo-artwork.scss","360","A6A15154BC97786D73FD3F72BBEA3BB4C7760723A11919F327D430081E3F5ACF","A6A15154BC97786D73FD3F72BBEA3BB4C7760723A11919F327D430081E3F5ACF","True"
"website/sass/component/feature-box.scss","2103","7E7DC0B2208599BE1F0846D6C3C208BB11A09F66A44FF0520A9445FB0AC37F5F","7E7DC0B2208599BE1F0846D6C3C208BB11A09F66A44FF0520A9445FB0AC37F5F","True"
"website/sass/component/feature-icons.scss","1933","FE9C536E1CF402BF84C2FD1C414FFD11525B19BC9BCEFF275D3E1E0441A8D797","FE9C536E1CF402BF84C2FD1C414FFD11525B19BC9BCEFF275D3E1E0441A8D797","True"
"website/sass/component/image-comparison.scss","2196","CDE0047193004B8B561073D4D7B87A1531145CE8118AA1C2A9777FCB866A2E19","CDE0047193004B8B561073D4D7B87A1531145CE8118AA1C2A9777FCB866A2E19","True"
"website/sass/component/youtube-embed.scss","1454","7FA2AC51F2697B6DB4DCE3D6CD9F7E8AA81855909B67E4E8D3F4CC3E8C54862F","7FA2AC51F2697B6DB4DCE3D6CD9F7E8AA81855909B67E4E8D3F4CC3E8C54862F","True"
"website/sass/layout/reading-material.scss","706","0D63B033F2BE1BC27B55FB76913B5C2B19BCC834319A3A412C796C7FC3AC2642","0D63B033F2BE1BC27B55FB76913B5C2B19BCC834319A3A412C796C7FC3AC2642","True"
"website/sass/page/about.scss","704","22A6E50D88CA036AC12906AF1DD832B1CCFB6EB203FAE920698949F38D19AE35","22A6E50D88CA036AC12906AF1DD832B1CCFB6EB203FAE920698949F38D19AE35","True"
"website/sass/page/blog.scss","2081","09BD80ABC316F49C00630ECBBB40397D924C3DA0BDA890900C015A6F7D3D44A6","09BD80ABC316F49C00630ECBBB40397D924C3DA0BDA890900C015A6F7D3D44A6","True"
"website/sass/page/contributor-guide/bisect-tool.scss","1999","42EBC657B09EF5D975AED3EDB9C127DEDA3880ECCD5058A719D33757459110E8","42EBC657B09EF5D975AED3EDB9C127DEDA3880ECCD5058A719D33757459110E8","True"
"website/sass/page/contributor-guide/crate-hierarchy.scss","1083","497CE1428628083700ACFAA26E1F203025172489D13B2316EA7CF49FCB7E3D5E","497CE1428628083700ACFAA26E1F203025172489D13B2316EA7CF49FCB7E3D5E","True"
"website/sass/page/contributor-guide/editor-structure.scss","1633","C94FAA9EA51AB4CB8FDE182B62F47781570D4EF54D09845FE6C5283EE720715F","C94FAA9EA51AB4CB8FDE182B62F47781570D4EF54D09845FE6C5283EE720715F","True"
"website/sass/page/donate.scss","2060","06818789EB054B57B1F546F1F7DC5BA0FAFF115CFE25F88F7F38B68D03D5677E","06818789EB054B57B1F546F1F7DC5BA0FAFF115CFE25F88F7F38B68D03D5677E","True"
"website/sass/page/features.scss","2377","1F82F3773B012C315ED497A7FF359BEA2A219DF4DF41D2889044B14F5D1AA513","1F82F3773B012C315ED497A7FF359BEA2A219DF4DF41D2889044B14F5D1AA513","True"
"website/sass/page/index.scss","8508","BAE69068F0C00064384338F17C2AE376D8204BACF23582EAA3454EDF823F3B35","BAE69068F0C00064384338F17C2AE376D8204BACF23582EAA3454EDF823F3B35","True"
"website/sass/page/logo.scss","784","9EF027B1FD0DB6B532C1542A5F7B9FEAB81BB1E2CF17AB9C7E78E6569601010E","9EF027B1FD0DB6B532C1542A5F7B9FEAB81BB1E2CF17AB9C7E78E6569601010E","True"
"website/sass/page/user-manual/node.scss","216","CF23B281F9A0300489CA8FCE8B591F540D6984127C80E28B812FBF0F1D74148B","CF23B281F9A0300489CA8FCE8B591F540D6984127C80E28B812FBF0F1D74148B","True"
"website/sass/page/user-manual/node-catalog.scss","52","C14A4E2DD5866607F58FEBF9A71BB984F34B94A84B38A28FB8A52497B22BFC8E","C14A4E2DD5866607F58FEBF9A71BB984F34B94A84B38A28FB8A52497B22BFC8E","True"
"website/sass/page/user-manual/node-category.scss","148","771E6187490E31878E6686C0D1E78F5D0515C2901A88DB57E5EE2C172765BA62","771E6187490E31878E6686C0D1E78F5D0515C2901A88DB57E5EE2C172765BA62","True"
"website/sass/page/volunteer.scss","395","AC8A7969CE300C0AE4EBAB89A15047D68353E5023E88C64E446EDDD3D56D5C00","AC8A7969CE300C0AE4EBAB89A15047D68353E5023E88C64E446EDDD3D56D5C00","True"
"website/sass/template/article.scss","450","5506507FBB994C009611E2BD346FCCE695969EE054883519564B2FC664810EC9","5506507FBB994C009611E2BD346FCCE695969EE054883519564B2FC664810EC9","True"
"website/sass/template/book.scss","5710","AE5EE88D481BB157936EF1328BE331443DB2528BCC90B565C68A28899EF69406","AE5EE88D481BB157936EF1328BE331443DB2528BCC90B565C68A28899EF69406","True"
"website/static/js/component/carousel.js","19309","E2608EF348015D96DF059437D68902CCC7E0633463F61B38615207410E5F8FF1","E2608EF348015D96DF059437D68902CCC7E0633463F61B38615207410E5F8FF1","True"
"website/static/js/component/image-comparison.js","2284","009B6136EDB6C7089E4F3C351A54503A7D3E72FA753748F2B9E8BB6FF2134847","009B6136EDB6C7089E4F3C351A54503A7D3E72FA753748F2B9E8BB6FF2134847","True"
"website/static/js/component/video-autoplay.js","630","4ED0B10E30E8C9FA1E0936CBF98F7D0B9EF6C9D140E8084717B77FD811AA3F28","4ED0B10E30E8C9FA1E0936CBF98F7D0B9EF6C9D140E8084717B77FD811AA3F28","True"
"website/static/js/component/youtube-embed.js","1057","7C7EF0E8220E4E8885B0C128F0F1E39E6D7FC2548C513D5C21FB2CEEB7BF8285","7C7EF0E8220E4E8885B0C128F0F1E39E6D7FC2548C513D5C21FB2CEEB7BF8285","True"
"website/static/js/navbar.js","15182","C886F21E7720EE832E7C7590C0479E35C174AAB7F684D1100D7EB21D9D83D2EC","C886F21E7720EE832E7C7590C0479E35C174AAB7F684D1100D7EB21D9D83D2EC","True"
"website/static/js/page/contributor-guide/bisect-tool.js","20960","96C1E916E58CC7B9AA63BA3B6FDACEDA9923201E94957061FE4FF81DB83CD6FB","96C1E916E58CC7B9AA63BA3B6FDACEDA9923201E94957061FE4FF81DB83CD6FB","True"
"website/static/js/page/contributor-guide/crate-hierarchy.js","6028","D6BCB772E4D8CA2550FF33A589F203942472F26321436402147B6F8D623B84D2","D6BCB772E4D8CA2550FF33A589F203942472F26321436402147B6F8D623B84D2","True"
"website/static/js/page/contributor-guide/editor-structure.js","684","9787566491FA605AFC8055FD2FC79F8E3CB6845C2E8FB1B3717A269CCD579E19","9787566491FA605AFC8055FD2FC79F8E3CB6845C2E8FB1B3717A269CCD579E19","True"
"website/static/js/template/book.js","3203","7AB643AC131FAEA5D4EF8B68C5102D9B037C8E0F535EDC7BE9447CA56FF2C69A","7AB643AC131FAEA5D4EF8B68C5102D9B037C8E0F535EDC7BE9447CA56FF2C69A","True"
"website/static/js/text-justification.js","989","D8F11CC7FDDDF98EFDD5301A9C4835625512C5E25CA78BCC9D41D5D298C892F7","D8F11CC7FDDDF98EFDD5301A9C4835625512C5E25CA78BCC9D41D5D298C892F7","True"
"website/templates/404.html","367","81E793D4E5EB2499D7454A4BA2E4AADE761ABC4B60D8BA7964251B218DDFF34F","81E793D4E5EB2499D7454A4BA2E4AADE761ABC4B60D8BA7964251B218DDFF34F","True"
"website/templates/article.html","2273","4E1F535C4980B49C706B44939E1D7B8D73930EB32307A60CB4426C7F1DD4176D","4E1F535C4980B49C706B44939E1D7B8D73930EB32307A60CB4426C7F1DD4176D","True"
"website/templates/base.html","7487","25D7B696C22B1310BEDF48E5231BC31815A9BB3D18B3EF9EEA3B0C840676278D","25D7B696C22B1310BEDF48E5231BC31815A9BB3D18B3EF9EEA3B0C840676278D","True"
"website/templates/blog.html","1138","106C9B9162FA36F636E4AF26A2C825CAE2DB43B32DB75593F25DCA9165143B66","106C9B9162FA36F636E4AF26A2C825CAE2DB43B32DB75593F25DCA9165143B66","True"
"website/templates/book.html","5593","AACBFF2C9AC49ECABCE2DF85CC16FA2746C79F7BBE826BC2E513686CC32BEAB6","AACBFF2C9AC49ECABCE2DF85CC16FA2746C79F7BBE826BC2E513686CC32BEAB6","True"
"website/templates/macros/book-outline.html","3316","3504253F4D4592055D062F61A37535740F0B6B7099445EF1317957B7F368D019","3504253F4D4592055D062F61A37535740F0B6B7099445EF1317957B7F368D019","True"
"website/templates/macros/replacements.html","2035","D969CF972E53C311AC4302FA3838D5329C6DC3F80741711FD615CE886AFD29FB","D969CF972E53C311AC4302FA3838D5329C6DC3F80741711FD615CE886AFD29FB","True"
"website/templates/page.html","273","8B6085401143DCE73FC1D27BA400B8FD4783C8FDA57D55EA6E75793852B9CD44","8B6085401143DCE73FC1D27BA400B8FD4783C8FDA57D55EA6E75793852B9CD44","True"
"website/templates/section.html","273","8B6085401143DCE73FC1D27BA400B8FD4783C8FDA57D55EA6E75793852B9CD44","8B6085401143DCE73FC1D27BA400B8FD4783C8FDA57D55EA6E75793852B9CD44","True"
"website/templates/shortcodes/youtube_embed.html","1223","F109F5048211EC9ED18880F1D7844D951F3D5A8417375075417E98FE5D47EDA1","F109F5048211EC9ED18880F1D7844D951F3D5A8417375075417E98FE5D47EDA1","True"
"website/tsconfig.json","670","C8A05F0377761CCBD301F030FAD6FFC1A895C8B51A1CF37F188039DADD4CE10A","C8A05F0377761CCBD301F030FAD6FFC1A895C8B51A1CF37F188039DADD4CE10A","True"
